Population_2020,Population_2015,Population_2010,Population_2005,Area_Codes,Name(Japanese),Merged,Established after 2005,prefecture_romaji,latitude,longitude
1676.0,1843.0,1657.0,1796.0,47382.0,与那国町,0,0,Okinawa Ken,24.4666666667,123.0
3942.0,3998.0,3859.0,4192.0,47381.0,竹富町,0,0,Okinawa Ken,24.3333333333,124.15
1058.0,1194.0,1231.0,1370.0,47375.0,多良間村,0,0,Okinawa Ken,24.6666666667,124.7
30941.0,29066.0,26681.0,0.0,47362.0,八重瀬町,0,1,Okinawa Ken,26.1166666667,127.7333333333
7192.0,7755.0,8519.0,9177.0,47361.0,久米島町,0,0,Okinawa Ken,26.3333333333,126.8
1322.0,1517.0,1589.0,1762.0,47360.0,伊是名村,0,0,Okinawa Ken,26.9166666667,127.9333333333
1126.0,1238.0,1385.0,1547.0,47359.0,伊平屋村,0,0,Okinawa Ken,27.0333333333,127.9666666667
590.0,629.0,665.0,588.0,47358.0,北大東村,0,0,Okinawa Ken,25.9333333333,131.2833333333
1285.0,1329.0,1442.0,1448.0,47357.0,南大東村,0,0,Okinawa Ken,25.8166666667,131.2166666667
346.0,430.0,452.0,531.0,47356.0,渡名喜村,0,0,Okinawa Ken,26.3666666667,127.1333333333
683.0,759.0,863.0,936.0,47355.0,粟国村,0,0,Okinawa Ken,26.5666666667,127.2166666667
892.0,870.0,865.0,1077.0,47354.0,座間味村,0,0,Okinawa Ken,26.2166666667,127.3
718.0,730.0,760.0,790.0,47353.0,渡嘉敷村,0,0,Okinawa Ken,26.1833333333,127.35
40440.0,37502.0,35244.0,33537.0,47350.0,南風原町,0,0,Okinawa Ken,26.1833333333,127.7166666667
0.0,0.0,0.0,11603.0,47349.0,大里村,1,0,Okinawa Ken,26.17611,127.74453
19695.0,18410.0,16318.0,15343.0,47348.0,与那原町,0,0,Okinawa Ken,26.1833333333,127.75
0.0,0.0,0.0,11456.0,47347.0,佐敷町,1,0,Okinawa Ken,26.16719,127.78775
0.0,0.0,0.0,6024.0,47346.0,知念村,1,0,Okinawa Ken,26.16997,127.82111
0.0,0.0,0.0,10568.0,47345.0,玉城村,1,0,Okinawa Ken,26.14442,127.76692
0.0,0.0,0.0,8035.0,47344.0,具志頭村,1,0,Okinawa Ken,26.12189,127.74267
0.0,0.0,0.0,17086.0,47343.0,東風平町,1,0,Okinawa Ken,26.15047,127.71647
34984.0,34508.0,34766.0,33733.0,47329.0,西原町,0,0,Okinawa Ken,26.2166666667,127.75
22157.0,19454.0,17680.0,15798.0,47328.0,中城村,0,0,Okinawa Ken,26.2666666667,127.7833333333
17969.0,16148.0,15951.0,15790.0,47327.0,北中城村,0,0,Okinawa Ken,26.3,127.7833333333
28201.0,28308.0,27264.0,26848.0,47326.0,北谷町,0,0,Okinawa Ken,26.3166666667,127.75
13521.0,13685.0,13827.0,13629.0,47325.0,嘉手納町,0,0,Okinawa Ken,26.35,127.75
41206.0,39504.0,38200.0,37306.0,47324.0,読谷村,0,0,Okinawa Ken,26.3833333333,127.7333333333
4118.0,4260.0,4737.0,5110.0,47315.0,伊江村,0,0,Okinawa Ken,26.7,127.8
10806.0,11232.0,11066.0,10619.0,47314.0,金武町,0,0,Okinawa Ken,26.45,127.9166666667
5833.0,5597.0,5331.0,5042.0,47313.0,宜野座村,0,0,Okinawa Ken,26.4666666667,127.9666666667
10869.0,10652.0,10144.0,9635.0,47311.0,恩納村,0,0,Okinawa Ken,26.4833333333,127.85
12530.0,13536.0,13870.0,14383.0,47308.0,本部町,0,0,Okinawa Ken,26.65,127.8833333333
8894.0,9531.0,9257.0,9476.0,47306.0,今帰仁村,0,0,Okinawa Ken,26.6666666667,127.9666666667
1598.0,1720.0,1794.0,1825.0,47303.0,東村,0,0,Okinawa Ken,26.63339,128.15681
3092.0,3060.0,3221.0,3371.0,47302.0,大宜味村,0,0,Okinawa Ken,26.7,128.1166666667
4517.0,4908.0,5188.0,5546.0,47301.0,国頭村,0,0,Okinawa Ken,26.7333333333,128.1666666667
44043.0,42016.0,39758.0,0.0,47215.0,南城市,0,1,Okinawa Ken,26.1333333333,127.7666666667
52931.0,51186.0,52039.0,53493.0,47214.0,宮古島市,0,0,Okinawa Ken,24.8,125.2666666667
125303.0,118898.0,116979.0,113535.0,47213.0,うるま市,0,0,Okinawa Ken,26.3666666667,127.85
64612.0,61119.0,57261.0,52516.0,47212.0,豊見城市,0,0,Okinawa Ken,26.15,127.6666666667
142752.0,139279.0,130249.0,126400.0,47211.0,沖縄市,0,0,Okinawa Ken,26.3333333333,127.8
61007.0,58547.0,57320.0,55816.0,47210.0,糸満市,0,0,Okinawa Ken,26.1166666667,127.65
63554.0,61674.0,60231.0,59463.0,47209.0,名護市,0,0,Okinawa Ken,26.5833333333,127.9666666667
115690.0,114232.0,110351.0,106049.0,47208.0,浦添市,0,0,Okinawa Ken,26.2333333333,127.7166666667
47637.0,47564.0,46922.0,45183.0,47207.0,石垣市,0,0,Okinawa Ken,24.3333333333,124.15
100125.0,96243.0,91928.0,89769.0,47205.0,宜野湾市,0,0,Okinawa Ken,26.2666666667,127.7666666667
317625.0,319435.0,315954.0,312393.0,47201.0,那覇市,0,0,Okinawa Ken,26.2,127.6666666667
5115.0,5186.0,5327.0,5731.0,46535.0,与論町,0,0,Kagoshima Ken,27.0333333333,128.4
5750.0,6213.0,6806.0,7115.0,46534.0,知名町,0,0,Kagoshima Ken,27.3333333333,128.5666666667
6246.0,6783.0,7114.0,7436.0,46533.0,和泊町,0,0,Kagoshima Ken,27.3833333333,128.65
6139.0,6362.0,6844.0,7255.0,46532.0,伊仙町,0,0,Kagoshima Ken,27.6666666667,128.9333333333
5517.0,5975.0,6653.0,7020.0,46531.0,天城町,0,0,Kagoshima Ken,27.8,128.8833333333
10147.0,11160.0,12090.0,12892.0,46530.0,徳之島町,0,0,Kagoshima Ken,27.7166666667,129.0166666667
6629.0,7212.0,8169.0,8572.0,46529.0,喜界町,0,0,Kagoshima Ken,28.3166666667,129.9333333333
0.0,0.0,0.0,6784.0,46528.0,笠利町,1,0,Kagoshima Ken,28.45344,129.67539
5817.0,5806.0,6078.0,6002.0,46527.0,龍郷町,0,0,Kagoshima Ken,28.4,129.5833333333
0.0,0.0,0.0,1784.0,46526.0,住用村,1,0,Kagoshima Ken,28.26561,129.40772
8546.0,9042.0,9874.0,10782.0,46525.0,瀬戸内町,0,0,Kagoshima Ken,28.1333333333,129.3
1621.0,1722.0,1932.0,2048.0,46524.0,宇検村,0,0,Kagoshima Ken,28.2666666667,129.2833333333
1364.0,1530.0,1765.0,2013.0,46523.0,大和村,0,0,Kagoshima Ken,28.35,129.3833333333
11858.0,12913.0,13589.0,0.0,46505.0,屋久島町,0,1,Kagoshima Ken,30.366666666666667,130.65
0.0,0.0,0.0,6948.0,46504.0,屋久町,1,0,Kagoshima Ken,30.23653,130.55589
0.0,0.0,0.0,6813.0,46503.0,上屋久町,1,0,Kagoshima Ken,30.42094,130.56858
5445.0,5745.0,6218.0,6751.0,46502.0,南種子町,0,0,Kagoshima Ken,30.4,130.9
7539.0,8135.0,8696.0,9194.0,46501.0,中種子町,0,0,Kagoshima Ken,30.5166666667,130.95
14227.0,15664.0,17160.0,18307.0,46492.0,肝付町,0,0,Kagoshima Ken,31.3333333333,130.9333333333
6481.0,7542.0,8815.0,9897.0,46491.0,南大隅町,0,0,Kagoshima Ken,31.2166666667,130.7666666667
6944.0,7923.0,8987.0,10015.0,46490.0,錦江町,0,0,Kagoshima Ken,31.2333333333,130.7833333333
0.0,0.0,0.0,7357.0,46485.0,吾平町,1,0,Kagoshima Ken,31.33122,130.89767
6237.0,6530.0,6802.0,7122.0,46482.0,東串良町,0,0,Kagoshima Ken,31.3833333333,130.9666666667
0.0,0.0,0.0,13272.0,46481.0,串良町,1,0,Kagoshima Ken,31.39125,130.95894
12385.0,13241.0,14215.0,15303.0,46468.0,大崎町,0,0,Kagoshima Ken,31.4166666667,131.0
0.0,0.0,0.0,11777.0,46467.0,有明町,1,0,Kagoshima Ken,31.49544,131.04536
0.0,0.0,0.0,18327.0,46466.0,志布志町,1,0,Kagoshima Ken,31.4775,131.09983
0.0,0.0,0.0,4666.0,46465.0,松山町,1,0,Kagoshima Ken,31.577,131.04094
0.0,0.0,0.0,4108.0,46462.0,輝北町,1,0,Kagoshima Ken,31.54733,130.864
9119.0,10327.0,11595.0,12566.0,46452.0,湧水町,0,0,Kagoshima Ken,31.95,130.7166666667
0.0,0.0,0.0,6970.0,46451.0,福山町,1,0,Kagoshima Ken,31.67353,130.81897
0.0,0.0,0.0,36693.0,46450.0,隼人町,1,0,Kagoshima Ken,31.74375,130.73703
0.0,0.0,0.0,5617.0,46449.0,霧島町,1,0,Kagoshima Ken,31.81972,130.83453
0.0,0.0,0.0,8832.0,46448.0,牧園町,1,0,Kagoshima Ken,31.85483,130.75986
0.0,0.0,0.0,5235.0,46445.0,横川町,1,0,Kagoshima Ken,31.90364,130.70292
0.0,0.0,0.0,8621.0,46444.0,溝辺町,1,0,Kagoshima Ken,31.83067,130.67936
0.0,0.0,0.0,7261.0,46443.0,蒲生町,1,0,Kagoshima Ken,31.76219,130.56994
0.0,0.0,0.0,44671.0,46442.0,姶良町,1,0,Kagoshima Ken,31.72822,130.62775
0.0,0.0,0.0,22908.0,46441.0,加治木町,1,0,Kagoshima Ken,31.73828,130.6615
0.0,0.0,0.0,9380.0,46421.0,菱刈町,1,0,Kagoshima Ken,32.01272,130.64372
9705.0,10431.0,11105.0,5003.0,46404.0,長島町,0,0,Kagoshima Ken,32.1833333333,130.1666666667
0.0,0.0,0.0,6955.0,46403.0,東町,1,0,Kagoshima Ken,32.19933,130.17678
0.0,0.0,0.0,14000.0,46402.0,高尾野町,1,0,Kagoshima Ken,32.06103,130.30414
0.0,0.0,0.0,4752.0,46401.0,野田町,1,0,Kagoshima Ken,32.06086,130.26783
20243.0,22400.0,24109.0,25688.0,46392.0,さつま町,0,0,Kagoshima Ken,31.9,130.45
0.0,0.0,0.0,7873.0,46368.0,金峰町,1,0,Kagoshima Ken,31.45,130.33333
0.0,0.0,0.0,7114.0,46361.0,市来町,1,0,Kagoshima Ken,31.69475,130.28939
0.0,0.0,0.0,14809.0,46345.0,川辺町,1,0,Kagoshima Ken,31.39131,130.3935
0.0,0.0,0.0,13256.0,46344.0,知覧町,1,0,Kagoshima Ken,31.37825,130.441611
0.0,0.0,0.0,4173.0,46343.0,坊津町,1,0,Kagoshima Ken,31.30872,130.22603
0.0,0.0,0.0,2678.0,46342.0,大浦町,1,0,Kagoshima Ken,31.3775,130.225833
0.0,0.0,0.0,3447.0,46341.0,笠沙町,1,0,Kagoshima Ken,31.40689,130.19169
0.0,0.0,0.0,6847.0,46324.0,開聞町,1,0,Kagoshima Ken,31.2036,130.5375
0.0,0.0,0.0,14126.0,46323.0,頴娃町,1,0,Kagoshima Ken,31.2394,130.4922
0.0,0.0,0.0,10326.0,46322.0,山川町,1,0,Kagoshima Ken,31.20372,130.63969
740.0,756.0,657.0,673.0,46304.0,十島村,0,0,Kagoshima Ken,31.5833333333,130.55
405.0,407.0,418.0,462.0,46303.0,三島村,0,0,Kagoshima Ken,31.5833333333,130.55
76348.0,75173.0,74809.0,0.0,46225.0,姶良市,0,1,Kagoshima Ken,31.716666666666665,130.61666666666667
24453.0,26810.0,29304.0,0.0,46224.0,伊佐市,0,1,Kagoshima Ken,32.05,130.6
33080.0,36352.0,39065.0,0.0,46223.0,南九州市,0,1,Kagoshima Ken,31.366666666666667,130.43333333333334
41390.0,43156.0,46121.0,0.0,46222.0,奄美市,0,1,Kagoshima Ken,28.3666666667,129.4833333333
29329.0,31479.0,33034.0,0.0,46221.0,志布志市,0,1,Kagoshima Ken,31.4833333333,131.0333333333
32887.0,35439.0,38704.0,0.0,46220.0,南さつま市,0,1,Kagoshima Ken,31.4166666667,130.3166666667
27490.0,29282.0,31144.0,0.0,46219.0,いちき串木野市,0,1,Kagoshima Ken,31.7,130.2666666667
123135.0,125857.0,127487.0,0.0,46218.0,霧島市,0,1,Kagoshima Ken,31.7333333333,130.75
33310.0,36557.0,39221.0,42287.0,46217.0,曽於市,0,0,Kagoshima Ken,31.65,131.0166666667
47153.0,49249.0,50822.0,52411.0,46216.0,日置市,0,0,Kagoshima Ken,31.6333333333,130.4
92403.0,96076.0,99589.0,102370.0,46215.0,薩摩川内市,0,0,Kagoshima Ken,31.8,130.3
13819.0,15520.0,17248.0,18928.0,46214.0,垂水市,0,0,Kagoshima Ken,31.4833333333,130.7
14708.0,15967.0,16951.0,18198.0,46213.0,西之表市,0,0,Kagoshima Ken,30.7166666667,130.9833333333
0.0,0.0,0.0,55341.0,46212.0,国分市,1,0,Kagoshima Ken,31.74103,130.76314
0.0,0.0,0.0,23506.0,46211.0,加世田市,1,0,Kagoshima Ken,31.41658,130.3235
39011.0,41831.0,44396.0,29649.0,46210.0,指宿市,0,0,Kagoshima Ken,31.25,130.6166666667
0.0,0.0,0.0,22119.0,46209.0,大口市,1,0,Kagoshima Ken,32.05717,130.61294
51994.0,53758.0,55621.0,39155.0,46208.0,出水市,0,0,Kagoshima Ken,32.0833333333,130.35
0.0,0.0,0.0,41049.0,46207.0,名瀬市,1,0,Kagoshima Ken,28.37728,129.49378
19270.0,21198.0,23154.0,25072.0,46206.0,阿久根市,0,0,Kagoshima Ken,32.0,130.1833333333
0.0,0.0,0.0,25879.0,46205.0,串木野市,1,0,Kagoshima Ken,31.71456,130.27194
20033.0,22046.0,23638.0,25150.0,46204.0,枕崎市,0,0,Kagoshima Ken,31.2666666667,130.2833333333
101096.0,103608.0,105070.0,81471.0,46203.0,鹿屋市,0,0,Kagoshima Ken,31.3666666667,130.85
593128.0,599814.0,605846.0,604367.0,46201.0,鹿児島市,0,0,Kagoshima Ken,31.5833333333,130.55
3472.0,3887.0,4427.0,4812.0,45443.0,五ヶ瀬町,0,0,Miyazaki Ken,32.6666666667,131.1833333333
3635.0,3946.0,4463.0,5031.0,45442.0,日之影町,0,0,Miyazaki Ken,32.65,131.3833333333
11642.0,12755.0,13723.0,14778.0,45441.0,高千穂町,0,0,Miyazaki Ken,32.7,131.3
4826.0,5480.0,6248.0,0.0,45431.0,美郷町,0,1,Miyazaki Ken,32.440278,131.424056
2503.0,2808.0,3092.0,3478.0,45430.0,椎葉村,0,0,Miyazaki Ken,32.4666666667,131.15
1486.0,1739.0,1882.0,2119.0,45429.0,諸塚村,0,0,Miyazaki Ken,32.5,131.3166666667
0.0,0.0,0.0,4389.0,45428.0,北浦町,1,0,Miyazaki Ken,32.70961,131.82156
0.0,0.0,0.0,4478.0,45427.0,北川町,1,0,Miyazaki Ken,32.69011,131.69492
0.0,0.0,0.0,4680.0,45426.0,北方町,1,0,Miyazaki Ken,32.56289,131.52575
0.0,0.0,0.0,1958.0,45425.0,北郷村,1,0,Miyazaki Ken,32.50138,131.44392
0.0,0.0,0.0,2574.0,45424.0,西郷村,1,0,Miyazaki Ken,32.44025,131.42311
0.0,0.0,0.0,2342.0,45423.0,南郷村,1,0,Miyazaki Ken,32.38622,131.33483
0.0,0.0,0.0,4889.0,45422.0,東郷町,1,0,Miyazaki Ken,32.391667,131.53033
17379.0,18183.0,18854.0,19207.0,45421.0,門川町,0,0,Miyazaki Ken,32.4666666667,131.6333333333
9906.0,10391.0,11137.0,11811.0,45406.0,都農町,0,0,Miyazaki Ken,32.25,131.55
15194.0,16109.0,17009.0,17323.0,45405.0,川南町,0,0,Miyazaki Ken,32.1833333333,131.5166666667
4895.0,5231.0,5177.0,5531.0,45404.0,木城町,0,0,Miyazaki Ken,32.15,131.4666666667
1000.0,1089.0,1241.0,1307.0,45403.0,西米良村,0,0,Miyazaki Ken,32.2166666667,131.15
16564.0,17373.0,18092.0,18608.0,45402.0,新富町,0,0,Miyazaki Ken,32.0666666667,131.4833333333
19922.0,21025.0,21733.0,22522.0,45401.0,高鍋町,0,0,Miyazaki Ken,32.1166666667,131.5
6934.0,7345.0,7224.0,7478.0,45383.0,綾町,0,0,Miyazaki Ken,31.9833333333,131.25
18398.0,19606.0,20909.0,21692.0,45382.0,国富町,0,0,Miyazaki Ken,31.9833333333,131.3166666667
0.0,0.0,0.0,12213.0,45381.0,高岡町,1,0,Miyazaki Ken,31.95681,131.29714
0.0,0.0,0.0,2227.0,45363.0,須木村,1,0,Miyazaki Ken,32.07756,131.07253
0.0,0.0,0.0,8670.0,45362.0,野尻町,1,0,Miyazaki Ken,31.95992,131.09994
8639.0,9300.0,10000.0,10623.0,45361.0,高原町,0,0,Miyazaki Ken,31.9166666667,131.0
0.0,0.0,0.0,10726.0,45345.0,高崎町,1,0,Miyazaki Ken,31.87164,131.06872
0.0,0.0,0.0,8288.0,45344.0,山田町,1,0,Miyazaki Ken,31.81433,131.03939
0.0,0.0,0.0,11944.0,45343.0,高城町,1,0,Miyazaki Ken,31.80028,131.13031
0.0,0.0,0.0,6935.0,45342.0,山之口町,1,0,Miyazaki Ken,31.78039,131.15361
25591.0,25404.0,24800.0,24545.0,45341.0,三股町,0,0,Miyazaki Ken,31.7166666667,131.1166666667
0.0,0.0,0.0,11614.0,45322.0,南郷町,1,0,Miyazaki Ken,31.53414,131.3715
0.0,0.0,0.0,5073.0,45321.0,北郷町,1,0,Miyazaki Ken,31.67692,131.37522
0.0,0.0,0.0,32981.0,45303.0,佐土原町,1,0,Miyazaki Ken,32.02392,131.47406
0.0,0.0,0.0,11580.0,45302.0,田野町,1,0,Miyazaki Ken,31.83911,131.30122
0.0,0.0,0.0,28696.0,45301.0,清武町,1,0,Miyazaki Ken,31.85558,131.38997
17638.0,19538.0,21606.0,23079.0,45209.0,えびの市,0,0,Miyazaki Ken,32.0333333333,130.8
28610.0,30683.0,32614.0,34087.0,45208.0,西都市,0,0,Miyazaki Ken,32.1,131.4
16822.0,18779.0,20453.0,22118.0,45207.0,串間市,0,0,Miyazaki Ken,31.45,131.2166666667
59629.0,61761.0,63223.0,58666.0,45206.0,日向市,0,0,Miyazaki Ken,32.4166666667,131.6166666667
43670.0,46221.0,48270.0,38923.0,45205.0,小林市,0,0,Miyazaki Ken,31.9833333333,130.9666666667
50848.0,54090.0,57689.0,44227.0,45204.0,日南市,0,0,Miyazaki Ken,31.6,131.3666666667
118394.0,125159.0,131182.0,121635.0,45203.0,延岡市,0,0,Miyazaki Ken,32.5666666667,131.65
160640.0,165029.0,169602.0,133062.0,45202.0,都城市,0,0,Miyazaki Ken,31.7166666667,131.05
401339.0,401138.0,400583.0,310123.0,45201.0,宮崎市,0,0,Miyazaki Ken,31.9,131.4166666667
14386.0,15823.0,17054.0,18276.0,44462.0,玖珠町,0,0,Ōita Ken,33.2833333333,131.15
8541.0,9645.0,10421.0,11108.0,44461.0,九重町,0,0,Ōita Ken,33.2166666667,131.1833333333
27723.0,28058.0,28221.0,27640.0,44341.0,日出町,0,0,Ōita Ken,33.3666666667,131.5166666667
0.0,0.0,0.0,9974.0,44325.0,安岐町,1,0,Ōita Ken,33.46661,131.69283
0.0,0.0,0.0,5952.0,44324.0,武蔵町,1,0,Ōita Ken,33.50039,131.71969
0.0,0.0,0.0,13031.0,44323.0,国東町,1,0,Ōita Ken,33.56531,131.73167
1725.0,1991.0,2189.0,2469.0,44322.0,姫島村,0,0,Ōita Ken,33.7166666667,131.6333333333
0.0,0.0,0.0,5249.0,44321.0,国見町,1,0,Ōita Ken,33.67858,131.59375
26232.0,28647.0,32002.0,0.0,44214.0,国東市,0,1,Ōita Ken,33.55,131.7166666667
32772.0,34262.0,34702.0,35386.0,44213.0,由布市,0,0,Ōita Ken,33.1666666667,131.4166666667
33695.0,36584.0,39452.0,41548.0,44212.0,豊後大野市,0,0,Ōita Ken,32.9666666667,131.5833333333
52771.0,56258.0,59008.0,60809.0,44211.0,宇佐市,0,0,Ōita Ken,33.5166666667,131.3333333333
27999.0,30185.0,32083.0,33567.0,44210.0,杵築市,0,0,Ōita Ken,33.4166666667,131.6
22112.0,22853.0,23906.0,25114.0,44209.0,豊後高田市,0,0,Ōita Ken,33.55,131.4333333333
20332.0,22332.0,24423.0,26534.0,44208.0,竹田市,0,0,Ōita Ken,32.9666666667,131.3833333333
16100.0,17969.0,19917.0,21456.0,44207.0,津久見市,0,0,Ōita Ken,33.0666666667,131.85
36158.0,38748.0,41469.0,43352.0,44206.0,臼杵市,0,0,Ōita Ken,33.1166666667,131.8
66851.0,72211.0,76951.0,80297.0,44205.0,佐伯市,0,0,Ōita Ken,32.95,131.8833333333
62657.0,66523.0,70940.0,74165.0,44204.0,日田市,0,0,Ōita Ken,33.3166666667,130.9333333333
82863.0,83965.0,84312.0,84368.0,44203.0,中津市,0,0,Ōita Ken,33.5833333333,131.1833333333
115321.0,122138.0,125385.0,126959.0,44202.0,別府市,0,0,Ōita Ken,33.2833333333,131.4833333333
475614.0,478146.0,474094.0,462317.0,44201.0,大分市,0,0,Ōita Ken,33.2333333333,131.6
0.0,0.0,0.0,5836.0,43533.0,河浦町,1,0,Kumamoto Ken,32.33286,130.07917
0.0,0.0,0.0,4233.0,43532.0,天草町,1,0,Kumamoto Ken,32.37458,129.99667
7114.0,7739.0,8314.0,8927.0,43531.0,苓北町,0,0,Kumamoto Ken,32.5,130.05
0.0,0.0,0.0,9932.0,43530.0,五和町,1,0,Kumamoto Ken,32.51222,130.18769
0.0,0.0,0.0,3960.0,43529.0,新和町,1,0,Kumamoto Ken,32.36322,130.18117
0.0,0.0,0.0,2794.0,43528.0,栖本町,1,0,Kumamoto Ken,32.42197,130.27278
0.0,0.0,0.0,3493.0,43527.0,倉岳町,1,0,Kumamoto Ken,32.40958,130.34089
0.0,0.0,0.0,3615.0,43526.0,御所浦町,1,0,Kumamoto Ken,32.34008,130.33911
0.0,0.0,0.0,6057.0,43523.0,有明町,1,0,Kumamoto Ken,32.51308,130.31456
14676.0,15523.0,16638.0,17300.0,43514.0,あさぎり町,0,0,Kumamoto Ken,32.2333333333,130.8833333333
2433.0,3698.0,4249.0,4786.0,43513.0,球磨村,0,0,Kumamoto Ken,32.25,130.65
3238.0,3422.0,3681.0,3901.0,43512.0,山江村,0,0,Kumamoto Ken,32.2333333333,130.7666666667
931.0,1055.0,1205.0,1358.0,43511.0,五木村,0,0,Kumamoto Ken,32.3833333333,130.8166666667
4070.0,4468.0,4934.0,5398.0,43510.0,相良村,0,0,Kumamoto Ken,32.2333333333,130.7833333333
2033.0,2232.0,2405.0,2597.0,43507.0,水上村,0,0,Kumamoto Ken,32.3,131.0
3627.0,3985.0,4375.0,4726.0,43506.0,湯前町,0,0,Kumamoto Ken,32.2666666667,130.9666666667
9076.0,9791.0,10554.0,11398.0,43505.0,多良木町,0,0,Kumamoto Ken,32.25,130.9333333333
10288.0,10766.0,11075.0,11647.0,43501.0,錦町,0,0,Kumamoto Ken,32.2,130.8333333333
4254.0,4673.0,5062.0,5424.0,43484.0,津奈木町,0,0,Kumamoto Ken,32.2333333333,130.4333333333
15681.0,17661.0,19316.0,20840.0,43482.0,芦北町,0,0,Kumamoto Ken,32.2833333333,130.4833333333
11094.0,11994.0,12715.0,13232.0,43468.0,氷川町,0,0,Kumamoto Ken,32.5666666667,130.6666666667
13503.0,15149.0,16981.0,18761.0,43447.0,山都町,0,0,Kumamoto Ken,32.6833333333,130.9833333333
10132.0,10717.0,11181.0,11604.0,43444.0,甲佐町,0,0,Kumamoto Ken,32.65,130.8
32510.0,33611.0,32676.0,32782.0,43443.0,益城町,0,0,Kumamoto Ken,32.7833333333,130.8
9547.0,9054.0,8676.0,8492.0,43442.0,嘉島町,0,0,Kumamoto Ken,32.7333333333,130.75
16303.0,17237.0,17888.0,18116.0,43441.0,御船町,0,0,Kumamoto Ken,32.7,130.8
9836.0,11503.0,11972.0,12254.0,43433.0,南阿蘇村,0,0,Kumamoto Ken,32.8166666667,131.0166666667
6426.0,6802.0,6792.0,6352.0,43432.0,西原村,0,0,Kumamoto Ken,32.8333333333,130.9
5789.0,6325.0,6716.0,7081.0,43428.0,高森町,0,0,Kumamoto Ken,32.82728,131.12197
1382.0,1510.0,1606.0,1708.0,43425.0,産山村,0,0,Kumamoto Ken,32.9833333333,131.2166666667
6590.0,7187.0,7877.0,8621.0,43424.0,小国町,0,0,Kumamoto Ken,33.12158,131.06814
3750.0,4048.0,4429.0,4687.0,43423.0,南小国町,0,0,Kumamoto Ken,33.0833333333,131.0666666667
0.0,0.0,0.0,29076.0,43407.0,西合志町,1,0,Kumamoto Ken,32.88925,130.74472
0.0,0.0,0.0,22571.0,43405.0,合志町,1,0,Kumamoto Ken,32.886,130.78972
43337.0,40984.0,37734.0,32434.0,43404.0,菊陽町,0,0,Kumamoto Ken,32.85,130.8166666667
35187.0,33452.0,31234.0,29107.0,43403.0,大津町,0,0,Kumamoto Ken,32.8666666667,130.8666666667
0.0,0.0,0.0,30772.0,43385.0,植木町,1,0,Kumamoto Ken,32.90356,130.69428
9342.0,10191.0,11247.0,0.0,43369.0,和水町,0,1,Kumamoto Ken,32.9666666667,130.6
15372.0,15889.0,16594.0,17381.0,43368.0,長洲町,0,0,Kumamoto Ken,32.9166666667,130.45
8979.0,9786.0,10564.0,11203.0,43367.0,南関町,0,0,Kumamoto Ken,33.05,130.5333333333
0.0,0.0,0.0,5373.0,43366.0,三加和町,1,0,Kumamoto Ken,33.06572,130.62247
0.0,0.0,0.0,6527.0,43365.0,菊水町,1,0,Kumamoto Ken,32.97817,130.60581
5045.0,5265.0,5554.0,5626.0,43364.0,玉東町,0,0,Kumamoto Ken,32.9166666667,130.6166666667
0.0,0.0,0.0,6843.0,43363.0,天水町,1,0,Kumamoto Ken,32.86469,130.59314
0.0,0.0,0.0,5487.0,43362.0,横島町,1,0,Kumamoto Ken,32.87761,130.55564
0.0,0.0,0.0,14180.0,43361.0,岱明町,1,0,Kumamoto Ken,32.91686,130.52022
9392.0,10333.0,11388.0,12254.0,43348.0,美里町,0,0,Kumamoto Ken,32.63958,130.78886
0.0,0.0,0.0,7962.0,43342.0,富合町,1,0,Kumamoto Ken,32.71536,130.67892
0.0,0.0,0.0,19641.0,43341.0,城南町,1,0,Kumamoto Ken,32.70906,130.72856
61772.0,58370.0,55002.0,0.0,43216.0,合志市,0,1,Kumamoto Ken,32.8833333333,130.7833333333
75783.0,82739.0,89065.0,0.0,43215.0,天草市,0,1,Kumamoto Ken,32.45,130.1833333333
24930.0,27018.0,28444.0,29636.0,43214.0,阿蘇市,0,0,Kumamoto Ken,32.95,131.1166666667
57032.0,59756.0,61878.0,63089.0,43213.0,宇城市,0,0,Kumamoto Ken,32.6333333333,130.6833333333
24563.0,27006.0,29902.0,32502.0,43212.0,上天草市,0,0,Kumamoto Ken,32.5833333333,130.4166666667
36122.0,37026.0,37727.0,38023.0,43211.0,宇土市,0,0,Kumamoto Ken,32.6833333333,130.65
46416.0,48167.0,50194.0,51862.0,43210.0,菊池市,0,0,Kumamoto Ken,32.9666666667,130.8
0.0,0.0,0.0,16609.0,43209.0,牛深市,1,0,Kumamoto Ken,32.19469,130.02678
49025.0,52264.0,55391.0,57726.0,43208.0,山鹿市,0,0,Kumamoto Ken,33.0166666667,130.6833333333
0.0,0.0,0.0,39944.0,43207.0,本渡市,1,0,Kumamoto Ken,32.45861,130.193
64292.0,66782.0,69541.0,45341.0,43206.0,玉名市,0,0,Kumamoto Ken,32.9166666667,130.55
23557.0,25411.0,26978.0,29120.0,43205.0,水俣市,0,0,Kumamoto Ken,32.2,130.4
50832.0,53407.0,55321.0,55960.0,43204.0,荒尾市,0,0,Kumamoto Ken,32.9833333333,130.4333333333
31108.0,33880.0,35611.0,37583.0,43203.0,人吉市,0,0,Kumamoto Ken,32.2,130.75
123067.0,127472.0,132266.0,136886.0,43202.0,八代市,0,0,Kumamoto Ken,32.5,130.6
738865.0,740822.0,734474.0,669603.0,43100.0,熊本市,0,0,Kumamoto Ken,32.8,130.7
17503.0,19718.0,22074.0,25039.0,42411.0,新上五島町,0,0,Nagasaki Ken,32.9833333333,129.0666666667
13912.0,13626.0,13599.0,13697.0,42391.0,佐々町,0,0,Nagasaki Ken,33.2333333333,129.65
0.0,0.0,0.0,6982.0,42390.0,小佐々町,1,0,Nagasaki Ken,33.215,129.599
0.0,0.0,0.0,5390.0,42389.0,鹿町町,1,0,Nagasaki Ken,33.2735,129.59003
0.0,0.0,0.0,5922.0,42388.0,江迎町,1,0,Nagasaki Ken,33.30936,129.62889
0.0,0.0,0.0,2570.0,42387.0,鷹島町,1,0,Nagasaki Ken,33.43406,129.75589
0.0,0.0,0.0,3202.0,42386.0,福島町,1,0,Nagasaki Ken,33.36706,129.82003
0.0,0.0,0.0,3239.0,42384.0,宇久町,1,0,Nagasaki Ken,33.26233,129.13089
2288.0,2560.0,2849.0,3268.0,42383.0,小値賀町,0,0,Nagasaki Ken,33.1833333333,129.05
0.0,0.0,0.0,8228.0,42376.0,深江町,1,0,Nagasaki Ken,32.7185,130.35361
0.0,0.0,0.0,4715.0,42375.0,布津町,1,0,Nagasaki Ken,32.69031,130.35514
0.0,0.0,0.0,8847.0,42374.0,有家町,1,0,Nagasaki Ken,32.66572,130.30511
0.0,0.0,0.0,8197.0,42373.0,西有家町,1,0,Nagasaki Ken,32.6597,130.2978
0.0,0.0,0.0,4149.0,42372.0,北有馬町,1,0,Nagasaki Ken,32.65578,130.24803
0.0,0.0,0.0,5901.0,42371.0,南有馬町,1,0,Nagasaki Ken,32.63058,130.24689
0.0,0.0,0.0,6286.0,42370.0,口之津町,1,0,Nagasaki Ken,32.61069,130.18489
0.0,0.0,0.0,7722.0,42369.0,加津佐町,1,0,Nagasaki Ken,32.63128,130.15925
0.0,0.0,0.0,4471.0,42368.0,南串山町,1,0,Nagasaki Ken,32.67708,130.14589
0.0,0.0,0.0,10623.0,42367.0,小浜町,1,0,Nagasaki Ken,32.72992,130.2065
0.0,0.0,0.0,5456.0,42366.0,千々石町,1,0,Nagasaki Ken,32.78378,130.20211
0.0,0.0,0.0,5191.0,42365.0,愛野町,1,0,Nagasaki Ken,32.81678,130.15531
0.0,0.0,0.0,7330.0,42364.0,吾妻町,1,0,Nagasaki Ken,32.83522,130.1875
0.0,0.0,0.0,5776.0,42363.0,瑞穂町,1,0,Nagasaki Ken,32.86714,130.23961
0.0,0.0,0.0,11151.0,42362.0,国見町,1,0,Nagasaki Ken,32.87436,130.30233
0.0,0.0,0.0,11729.0,42361.0,有明町,1,0,Nagasaki Ken,32.84961,130.33606
14291.0,14891.0,15227.0,15367.0,42323.0,波佐見町,0,0,Nagasaki Ken,33.1333333333,129.8833333333
13377.0,14067.0,14651.0,15158.0,42322.0,川棚町,0,0,Nagasaki Ken,33.0666666667,129.85
7721.0,8298.0,8903.0,9657.0,42321.0,東彼杵町,0,0,Nagasaki Ken,33.0333333333,129.9166666667
0.0,0.0,0.0,12507.0,42309.0,琴海町,1,0,Nagasaki Ken,32.86511,129.78733
29339.0,29804.0,30110.0,29127.0,42308.0,時津町,0,0,Nagasaki Ken,32.8166666667,129.8333333333
40780.0,42548.0,42535.0,42655.0,42307.0,長与町,0,0,Nagasaki Ken,32.8166666667,129.8666666667
42330.0,46535.0,50363.0,0.0,42214.0,南島原市,0,1,Nagasaki Ken,32.65,130.2833333333
41096.0,44115.0,47245.0,0.0,42213.0,雲仙市,0,1,Nagasaki Ken,32.8333333333,130.1833333333
26275.0,28691.0,31176.0,33680.0,42212.0,西海市,0,0,Nagasaki Ken,32.9166666667,129.6333333333
34391.0,37327.0,40622.0,44765.0,42211.0,五島市,0,0,Nagasaki Ken,32.6833333333,128.8333333333
24948.0,27103.0,29377.0,31414.0,42210.0,壱岐市,0,0,Nagasaki Ken,33.7333333333,129.6833333333
28502.0,31457.0,34407.0,38481.0,42209.0,対馬市,0,0,Nagasaki Ken,34.2,129.28753
21271.0,23309.0,25145.0,21221.0,42208.0,松浦市,0,0,Nagasaki Ken,33.3333333333,129.7
29365.0,31920.0,34905.0,38389.0,42207.0,平戸市,0,0,Nagasaki Ken,33.3666666667,129.55
95397.0,92757.0,90517.0,88040.0,42205.0,大村市,0,0,Nagasaki Ken,32.9,129.95
133852.0,138078.0,140752.0,144034.0,42204.0,諫早市,0,0,Nagasaki Ken,32.8333333333,130.05
43338.0,45436.0,47455.0,38316.0,42203.0,島原市,0,0,Nagasaki Ken,32.7833333333,130.3666666667
243223.0,255439.0,261101.0,248041.0,42202.0,佐世保市,0,0,Nagasaki Ken,33.1666666667,129.7
409118.0,429508.0,443766.0,442699.0,42201.0,長崎市,0,0,Nagasaki Ken,32.75,129.8666666667
0.0,0.0,0.0,18917.0,41443.0,嬉野町,1,0,Saga Ken,33.10092,129.98711
0.0,0.0,0.0,11475.0,41442.0,塩田町,1,0,Saga Ken,33.12808,130.06011
8121.0,8779.0,9842.0,10660.0,41441.0,太良町,0,0,Saga Ken,33.0166666667,130.1666666667
22051.0,23941.0,25607.0,27057.0,41425.0,白石町,0,0,Saga Ken,33.1333333333,130.1166666667
9566.0,9583.0,9515.0,9628.0,41424.0,江北町,0,0,Saga Ken,33.2166666667,130.15
6293.0,6777.0,7369.0,7956.0,41423.0,大町町,0,0,Saga Ken,33.2,130.1
0.0,0.0,0.0,8314.0,41422.0,北方町,1,0,Saga Ken,33.21958,130.06853
0.0,0.0,0.0,9486.0,41421.0,山内町,1,0,Saga Ken,33.19697,129.947
0.0,0.0,0.0,9274.0,41402.0,西有田町,1,0,Saga Ken,33.21111,129.84858
19010.0,20148.0,20929.0,12296.0,41401.0,有田町,0,0,Saga Ken,33.2,129.8333333333
5609.0,5902.0,6379.0,6738.0,41387.0,玄海町,0,0,Saga Ken,33.4666666667,129.8666666667
0.0,0.0,0.0,2552.0,41382.0,七山村,1,0,Saga Ken,33.44122,130.11592
25511.0,25278.0,26175.0,27157.0,41346.0,みやき町,0,0,Saga Ken,33.3166666667,130.45
9286.0,9283.0,9224.0,9090.0,41345.0,上峰町,0,0,Saga Ken,33.3166666667,130.4166666667
17250.0,17501.0,17837.0,18889.0,41341.0,基山町,0,0,Saga Ken,33.4166666667,130.5166666667
16323.0,16411.0,16405.0,0.0,41327.0,吉野ヶ里町,0,1,Saga Ken,33.3166666667,130.3833333333
0.0,0.0,0.0,1907.0,41325.0,脊振村,1,0,Saga Ken,33.37656,130.32717
0.0,0.0,0.0,6240.0,41324.0,東脊振村,1,0,Saga Ken,33.35158,130.39817
0.0,0.0,0.0,9860.0,41323.0,三田川町,1,0,Saga Ken,33.32114,130.39875
0.0,0.0,0.0,11868.0,41322.0,千代田町,1,0,Saga Ken,33.27397,130.37383
0.0,0.0,0.0,19762.0,41321.0,神埼町,1,0,Saga Ken,33.31072,130.37306
0.0,0.0,0.0,8214.0,41304.0,久保田町,1,0,Saga Ken,33.23353,130.23972
0.0,0.0,0.0,7930.0,41303.0,東与賀町,1,0,Saga Ken,33.20822,130.28853
0.0,0.0,0.0,18250.0,41302.0,川副町,1,0,Saga Ken,33.19203,130.32
31022.0,31842.0,32899.0,0.0,41210.0,神埼市,0,1,Saga Ken,33.3,130.3666666667
25848.0,27336.0,28984.0,0.0,41209.0,嬉野市,0,1,Saga Ken,33.1166666667,130.05
43952.0,44259.0,45133.0,45852.0,41208.0,小城市,0,0,Saga Ken,33.25,130.2
27892.0,29684.0,30720.0,32117.0,41207.0,鹿島市,0,0,Saga Ken,33.1,130.0833333333
47914.0,49062.0,50699.0,33697.0,41206.0,武雄市,0,0,Saga Ken,33.1833333333,130.0166666667
52629.0,55238.0,57161.0,58190.0,41205.0,伊万里市,0,0,Saga Ken,33.25,129.8666666667
18295.0,19749.0,21404.0,22739.0,41204.0,多久市,0,0,Saga Ken,33.2833333333,130.1
74196.0,72902.0,69074.0,64723.0,41203.0,鳥栖市,0,0,Saga Ken,33.3666666667,130.5
117373.0,122785.0,126926.0,128564.0,41202.0,唐津市,0,0,Saga Ken,33.45,129.9666666667
233301.0,236372.0,237506.0,206967.0,41201.0,佐賀市,0,0,Saga Ken,33.25,130.3
17189.0,18587.0,19544.0,0.0,40647.0,築上町,0,1,Fukuoka Ken,33.65,131.05
7251.0,7458.0,7852.0,0.0,40646.0,上毛町,0,1,Fukuoka Ken,33.5666666667,131.15
0.0,0.0,0.0,4044.0,40645.0,大平村,1,0,Fukuoka Ken,33.55522,131.15514
0.0,0.0,0.0,4128.0,40644.0,新吉富村,1,0,Fukuoka Ken,33.57842,131.16422
0.0,0.0,0.0,9100.0,40643.0,築城町,1,0,Fukuoka Ken,33.66519,131.03022
6536.0,6627.0,6792.0,7053.0,40642.0,吉富町,0,0,Fukuoka Ken,33.6,131.1666666667
0.0,0.0,0.0,11737.0,40641.0,椎田町,1,0,Fukuoka Ken,33.65614,131.05603
18825.0,20243.0,21572.0,0.0,40625.0,みやこ町,0,1,Fukuoka Ken,33.6833333333,130.9166666667
0.0,0.0,0.0,8552.0,40624.0,豊津町,1,0,Fukuoka Ken,33.67192,130.97242
0.0,0.0,0.0,7205.0,40623.0,勝山町,1,0,Fukuoka Ken,33.69925,130.92011
0.0,0.0,0.0,7141.0,40622.0,犀川町,1,0,Fukuoka Ken,33.64756,130.94372
37684.0,34963.0,36005.0,34387.0,40621.0,苅田町,0,0,Fukuoka Ken,33.7666666667,130.9666666667
21398.0,22871.0,24714.0,0.0,40610.0,福智町,0,1,Fukuoka Ken,33.6666666667,130.7666666667
2774.0,3022.0,3251.0,3408.0,40609.0,赤村,0,0,Fukuoka Ken,33.6,130.8666666667
5008.0,5176.0,5503.0,5741.0,40608.0,大任町,0,0,Fukuoka Ken,33.6,130.85
0.0,0.0,0.0,7940.0,40607.0,方城町,1,0,Fukuoka Ken,33.69042,130.79422
0.0,0.0,0.0,9592.0,40606.0,赤池町,1,0,Fukuoka Ken,33.69619,130.76444
15176.0,16789.0,18264.0,20115.0,40605.0,川崎町,0,0,Fukuoka Ken,33.6,130.81489
8407.0,9020.0,9617.0,10216.0,40604.0,糸田町,0,0,Fukuoka Ken,33.65,130.7666666667
0.0,0.0,0.0,8011.0,40603.0,金田町,1,0,Fukuoka Ken,33.68328,130.78011
8801.0,9924.0,10909.0,11810.0,40602.0,添田町,0,0,Fukuoka Ken,33.5666666667,130.85
10191.0,10861.0,11685.0,12369.0,40601.0,香春町,0,0,Fukuoka Ken,33.6666666667,130.8333333333
0.0,0.0,0.0,14219.0,40581.0,高田町,1,0,Fukuoka Ken,33.10061,130.45694
0.0,0.0,0.0,5391.0,40564.0,山川町,1,0,Fukuoka Ken,33.12397,130.51753
0.0,0.0,0.0,23762.0,40561.0,瀬高町,1,0,Fukuoka Ken,33.15244,130.47472
0.0,0.0,0.0,3554.0,40546.0,星野村,1,0,Fukuoka Ken,33.25035,130.762
0.0,0.0,0.0,1613.0,40545.0,矢部村,1,0,Fukuoka Ken,33.15047,130.82092
19969.0,20183.0,20253.0,20248.0,40544.0,広川町,0,0,Fukuoka Ken,33.24153,130.5515
0.0,0.0,0.0,11662.0,40543.0,立花町,1,0,Fukuoka Ken,33.20222,130.58842
0.0,0.0,0.0,3867.0,40542.0,上陽町,1,0,Fukuoka Ken,33.23786,130.64186
0.0,0.0,0.0,13615.0,40541.0,黒木町,1,0,Fukuoka Ken,33.21789,130.66711
13820.0,14176.0,14350.0,14282.0,40522.0,大木町,0,0,Fukuoka Ken,33.2,130.4333333333
15521.0,15138.0,15284.0,15400.0,40503.0,大刀洗町,0,0,Fukuoka Ken,33.3666666667,130.6166666667
0.0,0.0,0.0,17290.0,40463.0,志摩町,1,0,Fukuoka Ken,33.5835,130.18333
0.0,0.0,0.0,13409.0,40462.0,二丈町,1,0,Fukuoka Ken,33.51744,130.14558
1899.0,2174.0,2432.0,2749.0,40448.0,東峰村,0,0,Fukuoka Ken,33.3833333333,130.8666666667
29591.0,29306.0,29155.0,29353.0,40447.0,筑前町,0,0,Fukuoka Ken,33.45,130.5833333333
0.0,0.0,0.0,9560.0,40442.0,朝倉町,1,0,Fukuoka Ken,33.38564,130.72161
0.0,0.0,0.0,8151.0,40441.0,杷木町,1,0,Fukuoka Ken,33.36383,130.81383
0.0,0.0,0.0,6841.0,40428.0,頴田町,1,0,Fukuoka Ken,33.68047,130.72111
0.0,0.0,0.0,10695.0,40427.0,庄内町,1,0,Fukuoka Ken,33.63678,130.72936
0.0,0.0,0.0,25641.0,40426.0,穂波町,1,0,Fukuoka Ken,33.61997,130.68172
0.0,0.0,0.0,10815.0,40425.0,筑穂町,1,0,Fukuoka Ken,33.56989,130.64719
0.0,0.0,0.0,9722.0,40424.0,嘉穂町,1,0,Fukuoka Ken,33.5492,130.7431
0.0,0.0,0.0,6013.0,40423.0,碓井町,1,0,Fukuoka Ken,33.56328,130.7115
0.0,0.0,0.0,19160.0,40422.0,稲築町,1,0,Fukuoka Ken,33.59775,130.71764
12878.0,13496.0,13863.0,14535.0,40421.0,桂川町,0,0,Fukuoka Ken,33.5666666667,130.6666666667
0.0,0.0,0.0,9696.0,40404.0,若宮町,1,0,Fukuoka Ken,33.73158,130.62778
0.0,0.0,0.0,20934.0,40403.0,宮田町,1,0,Fukuoka Ken,33.72353,130.66672
15080.0,16007.0,17088.0,18204.0,40402.0,鞍手町,0,0,Fukuoka Ken,33.7833333333,130.6666666667
7151.0,7810.0,8602.0,9253.0,40401.0,小竹町,0,0,Fukuoka Ken,33.6833333333,130.7
18723.0,18877.0,19160.0,19279.0,40384.0,遠賀町,0,0,Fukuoka Ken,33.8333333333,130.6666666667
31007.0,31580.0,32119.0,31332.0,40383.0,岡垣町,0,0,Fukuoka Ken,33.85,130.6
28114.0,28997.0,30021.0,30679.0,40382.0,水巻町,0,0,Fukuoka Ken,33.85,130.6833333333
13545.0,14208.0,15369.0,16247.0,40381.0,芦屋町,0,0,Fukuoka Ken,33.8833333333,130.65
48190.0,45360.0,41997.0,37685.0,40349.0,粕屋町,0,0,Fukuoka Ken,33.6,130.4666666667
9068.0,8225.0,8373.0,7858.0,40348.0,久山町,0,0,Fukuoka Ken,33.6333333333,130.5
32927.0,30344.0,24679.0,23447.0,40345.0,新宮町,0,0,Fukuoka Ken,33.7,130.4333333333
28628.0,27263.0,26044.0,25601.0,40344.0,須恵町,0,0,Fukuoka Ken,33.5833333333,130.5
46377.0,45256.0,43564.0,40557.0,40343.0,志免町,0,0,Fukuoka Ken,33.5833333333,130.4666666667
31209.0,31210.0,31318.0,30985.0,40342.0,篠栗町,0,0,Fukuoka Ken,33.6166666667,130.5166666667
37671.0,37927.0,38592.0,39136.0,40341.0,宇美町,0,0,Fukuoka Ken,33.5666666667,130.5
0.0,50004.0,49780.0,46972.0,40305.0,那珂川町,1,0,Fukuoka Ken,33.49958,130.42222
50112.0,0.0,0.0,0.0,40231.0,那珂川市,0,1,Fukuoka Ken,33.499007,130.420931
98877.0,96475.0,98435.0,0.0,40230.0,糸島市,0,1,Fukuoka Ken,33.55,130.18333333333334
35861.0,38139.0,40732.0,0.0,40229.0,みやま市,0,1,Fukuoka Ken,33.15,130.4666666667
50273.0,52444.0,56355.0,0.0,40228.0,朝倉市,0,1,Fukuoka Ken,33.4166666667,130.65
35473.0,38743.0,42589.0,0.0,40227.0,嘉麻市,0,1,Fukuoka Ken,33.55,130.7
26298.0,28112.0,30081.0,0.0,40226.0,宮若市,0,1,Fukuoka Ken,33.7166666667,130.6666666667
27981.0,29509.0,31640.0,32902.0,40225.0,うきは市,0,0,Fukuoka Ken,33.3333333333,130.75
67033.0,58781.0,55431.0,55677.0,40224.0,福津市,0,0,Fukuoka Ken,33.7666666667,130.4833333333
58786.0,57959.0,57920.0,55943.0,40223.0,古賀市,0,0,Fukuoka Ken,33.7166666667,130.4666666667
0.0,0.0,0.0,67275.0,40222.0,前原市,1,0,Fukuoka Ken,33.55,130.2
73164.0,72168.0,70482.0,67087.0,40221.0,太宰府市,0,0,Fukuoka Ken,33.5,130.5166666667
97095.0,96516.0,95501.0,94148.0,40220.0,宗像市,0,0,Fukuoka Ken,33.8,130.5333333333
102085.0,99525.0,95087.0,92748.0,40219.0,大野城市,0,0,Fukuoka Ken,33.5333333333,130.4666666667
111023.0,110743.0,106780.0,108402.0,40218.0,春日市,0,0,Fukuoka Ken,33.5166666667,130.4666666667
103311.0,101081.0,100172.0,97571.0,40217.0,筑紫野市,0,0,Fukuoka Ken,33.4833333333,130.5
59360.0,57983.0,58499.0,57481.0,40216.0,小郡市,0,0,Fukuoka Ken,33.3833333333,130.55
40362.0,41796.0,44210.0,46560.0,40215.0,中間市,0,0,Fukuoka Ken,33.8166666667,130.7
24391.0,25940.0,27031.0,28104.0,40214.0,豊前市,0,0,Fukuoka Ken,33.6,131.1166666667
71426.0,70586.0,70468.0,70070.0,40213.0,行橋市,0,0,Fukuoka Ken,33.7166666667,130.9666666667
32988.0,34838.0,37448.0,39213.0,40212.0,大川市,0,0,Fukuoka Ken,33.2,130.3833333333
48827.0,48339.0,48512.0,47844.0,40211.0,筑後市,0,0,Fukuoka Ken,33.2,130.5
60608.0,64408.0,69057.0,38951.0,40210.0,八女市,0,0,Fukuoka Ken,33.2,130.55
0.0,0.0,0.0,41674.0,40209.0,甘木市,1,0,Fukuoka Ken,33.42342,130.66558
0.0,0.0,0.0,11034.0,40208.0,山田市,1,0,Fukuoka Ken,33.56064,130.76686
64475.0,67777.0,71375.0,74539.0,40207.0,柳川市,0,0,Fukuoka Ken,33.15,130.4
46203.0,48441.0,50605.0,51534.0,40206.0,田川市,0,0,Fukuoka Ken,33.6333333333,130.8
126364.0,129146.0,131492.0,79365.0,40205.0,飯塚市,0,0,Fukuoka Ken,33.6333333333,130.6833333333
56212.0,57146.0,57686.0,57497.0,40204.0,直方市,0,0,Fukuoka Ken,33.7333333333,130.7166666667
303316.0,304552.0,302402.0,306434.0,40203.0,久留米市,0,0,Fukuoka Ken,33.3166666667,130.5
111281.0,117360.0,123638.0,131090.0,40202.0,大牟田市,0,0,Fukuoka Ken,33.0166666667,130.4333333333
1612392.0,1538681.0,1463743.0,1401279.0,40130.0,福岡市,0,0,Fukuoka Ken,33.5833333333,130.4
939029.0,961286.0,976846.0,993525.0,40100.0,北九州市,0,0,Fukuoka Ken,33.8833333333,130.8666666667
10262.0,11217.0,12366.0,0.0,39428.0,黒潮町,0,1,Kōchi Ken,33.0166666667,133.0
1437.0,1574.0,1681.0,1808.0,39427.0,三原村,0,0,Kōchi Ken,32.9,132.8333333333
0.0,0.0,0.0,3332.0,39425.0,十和村,1,0,Kōchi Ken,33.23378,132.8533
4434.0,5095.0,5783.0,6437.0,39424.0,大月町,0,0,Kōchi Ken,32.8333333333,132.7
0.0,0.0,0.0,9490.0,39423.0,大方町,1,0,Kōchi Ken,33.0254,133.01086
0.0,0.0,0.0,3138.0,39422.0,大正町,1,0,Kōchi Ken,33.19781,132.97611
0.0,0.0,0.0,3947.0,39421.0,佐賀町,1,0,Kōchi Ken,33.08017,133.10214
15607.0,17325.0,18733.0,0.0,39412.0,四万十町,0,1,Kōchi Ken,33.2,133.1333333333
5291.0,5794.0,6407.0,6862.0,39411.0,津野町,0,0,Kōchi Ken,33.4333333333,133.1833333333
4812.0,5030.0,5447.0,5895.0,39410.0,日高村,0,0,Kōchi Ken,33.5333333333,133.3666666667
0.0,0.0,0.0,1536.0,39406.0,大野見村,1,0,Kōchi Ken,33.33733,133.14036
3307.0,3608.0,3984.0,4625.0,39405.0,檮原町,0,0,Kōchi Ken,33.39219,132.92703
0.0,0.0,0.0,14057.0,39404.0,窪川町,1,0,Kōchi Ken,33.2083,133.1356
5187.0,5795.0,6374.0,6952.0,39403.0,越知町,0,0,Kōchi Ken,33.5166666667,133.25
12323.0,13114.0,13951.0,14447.0,39402.0,佐川町,0,0,Kōchi Ken,33.5,133.2833333333
6002.0,6840.0,7584.0,6784.0,39401.0,中土佐町,0,0,Kōchi Ken,33.3166666667,133.2166666667
4827.0,5551.0,6500.0,7347.0,39387.0,仁淀川町,0,0,Kōchi Ken,33.5666666667,133.1666666667
21374.0,22767.0,25062.0,27068.0,39386.0,いの町,0,0,Kōchi Ken,33.5333333333,133.4166666667
0.0,0.0,0.0,15506.0,39383.0,春野町,1,0,Kōchi Ken,33.49861,133.48872
366.0,396.0,411.0,538.0,39364.0,大川村,0,0,Kōchi Ken,33.7833333333,133.4666666667
3753.0,3997.0,4358.0,4632.0,39363.0,土佐町,0,0,Kōchi Ken,33.7333333333,133.5166666667
3252.0,3962.0,4719.0,5492.0,39344.0,大豊町,0,0,Kōchi Ken,33.75,133.65
3261.0,3573.0,4103.0,4374.0,39341.0,本山町,0,0,Kōchi Ken,33.75,133.5833333333
0.0,0.0,0.0,2734.0,39328.0,物部村,1,0,Kōchi Ken,33.69908,133.87858
0.0,0.0,0.0,2038.0,39327.0,吉川村,1,0,Kōchi Ken,33.54186,133.70028
0.0,0.0,0.0,5341.0,39326.0,香北町,1,0,Kōchi Ken,33.65089,133.78025
0.0,0.0,0.0,4132.0,39325.0,夜須町,1,0,Kōchi Ken,33.53764,133.75522
0.0,0.0,0.0,17759.0,39324.0,野市町,1,0,Kōchi Ken,33.56414,133.70056
0.0,0.0,0.0,22182.0,39323.0,土佐山田町,1,0,Kōchi Ken,33.60386,133.68625
0.0,0.0,0.0,6288.0,39322.0,香我美町,1,0,Kōchi Ken,33.57053,133.74161
0.0,0.0,0.0,3324.0,39321.0,赤岡町,1,0,Kōchi Ken,33.54269,133.72161
3694.0,3858.0,4048.0,4208.0,39307.0,芸西村,0,0,Kōchi Ken,33.5166666667,133.8
745.0,823.0,1013.0,1170.0,39306.0,馬路村,0,0,Kōchi Ken,33.55,134.0333333333
1146.0,1294.0,1367.0,1478.0,39305.0,北川村,0,0,Kōchi Ken,33.4333333333,134.0333333333
2370.0,2631.0,2970.0,3297.0,39304.0,安田町,0,0,Kōchi Ken,33.4333333333,133.9666666667
2498.0,2733.0,2932.0,3236.0,39303.0,田野町,0,0,Kōchi Ken,33.42767,134.00822
3034.0,3326.0,3542.0,3727.0,39302.0,奈半利町,0,0,Kōchi Ken,33.4166666667,134.0166666667
2194.0,2584.0,2947.0,3386.0,39301.0,東洋町,0,0,Kōchi Ken,33.5166666667,134.2666666667
26513.0,27513.0,28766.0,0.0,39212.0,香美市,0,1,Kōchi Ken,33.6,133.6833333333
32207.0,32961.0,33830.0,0.0,39211.0,香南市,0,1,Kōchi Ken,33.55,133.7
32694.0,34313.0,35933.0,37917.0,39210.0,四万十市,0,0,Kōchi Ken,32.9833333333,132.9333333333
12388.0,13778.0,16029.0,17281.0,39209.0,土佐清水市,0,0,Kōchi Ken,32.7666666667,132.95
19033.0,20907.0,22610.0,24397.0,39208.0,宿毛市,0,0,Kōchi Ken,32.9333333333,132.7166666667
20590.0,22606.0,24698.0,26039.0,39206.0,須崎市,0,0,Kōchi Ken,33.4,133.2666666667
25732.0,27038.0,28686.0,30011.0,39205.0,土佐市,0,0,Kōchi Ken,33.4833333333,133.4166666667
46664.0,47982.0,49472.0,50758.0,39204.0,南国市,0,0,Kōchi Ken,33.5666666667,133.6333333333
16243.0,17577.0,19547.0,20348.0,39203.0,安芸市,0,0,Kōchi Ken,33.5,133.9
11742.0,13524.0,15210.0,17490.0,39202.0,室戸市,0,0,Kōchi Ken,33.2833333333,134.15
326545.0,337190.0,343393.0,333484.0,39201.0,高知市,0,0,Kōchi Ken,33.55,133.5166666667
19601.0,21902.0,24061.0,26636.0,38506.0,愛南町,0,0,Ehime Ken,32.95,132.5833333333
9682.0,10705.0,11633.0,12432.0,38488.0,鬼北町,0,0,Ehime Ken,33.25,132.6833333333
3674.0,4072.0,4377.0,4690.0,38484.0,松野町,0,0,Ehime Ken,33.2166666667,132.7
8397.0,9626.0,10882.0,12095.0,38442.0,伊方町,0,0,Ehime Ken,33.4833333333,132.35
15322.0,16742.0,18045.0,19620.0,38422.0,内子町,0,0,Ehime Ken,33.5166666667,132.65
20480.0,21239.0,21981.0,22424.0,38402.0,砥部町,0,0,Ehime Ken,33.7333333333,132.7833333333
29630.0,30064.0,30359.0,30564.0,38401.0,松前町,0,0,Ehime Ken,33.78744,132.71133
7404.0,8447.0,9644.0,10946.0,38386.0,久万高原町,0,0,Ehime Ken,33.65,132.9
6509.0,7135.0,7648.0,8098.0,38356.0,上島町,0,0,Ehime Ken,34.25,133.2
33903.0,34613.0,35253.0,35278.0,38215.0,東温市,0,0,Ehime Ken,33.7833333333,132.8666666667
35388.0,38919.0,42080.0,44948.0,38214.0,西予市,0,0,Ehime Ken,33.35,132.5
82754.0,87413.0,90187.0,92854.0,38213.0,四国中央市,0,0,Ehime Ken,33.9666666667,133.5333333333
35133.0,36827.0,38017.0,39493.0,38210.0,伊予市,0,0,Ehime Ken,33.75,132.7
40575.0,44086.0,47157.0,50786.0,38207.0,大洲市,0,0,Ehime Ken,33.5,132.5333333333
104791.0,108174.0,112091.0,113371.0,38206.0,西条市,0,0,Ehime Ken,33.9166666667,133.1666666667
115938.0,119903.0,121735.0,123952.0,38205.0,新居浜市,0,0,Ehime Ken,33.95,133.2833333333
31987.0,34951.0,38370.0,41264.0,38204.0,八幡浜市,0,0,Ehime Ken,33.45,132.4166666667
70809.0,77465.0,84210.0,89444.0,38203.0,宇和島市,0,0,Ehime Ken,33.2166666667,132.55
151672.0,158114.0,166532.0,173983.0,38202.0,今治市,0,0,Ehime Ken,34.05,132.9833333333
511192.0,514865.0,517231.0,514937.0,38201.0,松山市,0,0,Ehime Ken,33.8333333333,132.75
0.0,0.0,0.0,4516.0,37429.0,財田町,1,0,Kagawa Ken,34.119361,133.778694
0.0,0.0,0.0,8554.0,37428.0,豊浜町,1,0,Kagawa Ken,34.0743,133.6364
0.0,0.0,0.0,6796.0,37427.0,仁尾町,1,0,Kagawa Ken,34.196917,133.645556
0.0,0.0,0.0,14935.0,37426.0,詫間町,1,0,Kagawa Ken,34.220917,133.673417
0.0,0.0,0.0,11526.0,37425.0,豊中町,1,0,Kagawa Ken,34.147444,133.696083
0.0,0.0,0.0,12586.0,37424.0,大野原町,1,0,Kagawa Ken,34.08425,133.66417
0.0,0.0,0.0,9561.0,37423.0,三野町,1,0,Kagawa Ken,34.2025,133.706444
0.0,0.0,0.0,7409.0,37422.0,山本町,1,0,Kagawa Ken,34.117889,133.725611
0.0,0.0,0.0,16437.0,37421.0,高瀬町,1,0,Kagawa Ken,34.182556,133.715194
17401.0,18377.0,19087.0,0.0,37406.0,まんのう町,0,1,Kagawa Ken,34.1833333333,133.8333333333
0.0,0.0,0.0,4558.0,37405.0,仲南町,1,0,Kagawa Ken,34.15486,133.83808
22445.0,23366.0,23498.0,23613.0,37404.0,多度津町,0,0,Kagawa Ken,34.2666666667,133.75
8468.0,9186.0,9967.0,10747.0,37403.0,琴平町,0,0,Kagawa Ken,34.1833333333,133.8166666667
0.0,0.0,0.0,12472.0,37402.0,満濃町,1,0,Kagawa Ken,34.19233,133.84139
0.0,0.0,0.0,2866.0,37401.0,琴南町,1,0,Kagawa Ken,34.1646,133.9244
22693.0,23610.0,24625.0,0.0,37387.0,綾川町,0,1,Kagawa Ken,34.2333333333,133.9166666667
18699.0,18952.0,18434.0,17460.0,37386.0,宇多津町,0,0,Kagawa Ken,34.3,133.8166666667
0.0,0.0,0.0,24028.0,37383.0,国分寺町,1,0,Kagawa Ken,34.2972,133.9602
0.0,0.0,0.0,19121.0,37382.0,綾南町,1,0,Kagawa Ken,34.2494,133.9231
0.0,0.0,0.0,6507.0,37381.0,綾上町,1,0,Kagawa Ken,34.2262,133.9497
3103.0,3139.0,3325.0,3538.0,37364.0,直島町,0,0,Kagawa Ken,34.45,133.9833333333
0.0,0.0,0.0,7991.0,37363.0,香南町,1,0,Kagawa Ken,34.20033,134.013094
0.0,0.0,0.0,24220.0,37362.0,香川町,1,0,Kagawa Ken,34.241333,134.033978
0.0,0.0,0.0,6121.0,37343.0,庵治町,1,0,Kagawa Ken,34.384028,134.126667
0.0,0.0,0.0,17863.0,37342.0,牟礼町,1,0,Kagawa Ken,34.33761,134.13967
26878.0,27684.0,28464.0,28790.0,37341.0,三木町,0,0,Kagawa Ken,34.2666666667,134.1333333333
13870.0,14862.0,16152.0,0.0,37324.0,小豆島町,0,1,Kagawa Ken,34.4666666667,134.2333333333
0.0,0.0,0.0,5416.0,37323.0,池田町,1,0,Kagawa Ken,34.48203,134.23356
12846.0,14002.0,15123.0,16411.0,37322.0,土庄町,0,0,Kagawa Ken,34.4833333333,134.1833333333
0.0,0.0,0.0,11841.0,37321.0,内海町,1,0,Kagawa Ken,34.478408,134.314614
61857.0,65524.0,68512.0,0.0,37208.0,三豊市,0,1,Kagawa Ken,34.1333333333,133.6833333333
28279.0,31031.0,33625.0,35929.0,37207.0,東かがわ市,0,0,Kagawa Ken,34.2333333333,134.35
47003.0,50272.0,53000.0,55754.0,37206.0,さぬき市,0,0,Kagawa Ken,34.3166666667,134.1666666667
57438.0,59409.0,62690.0,44086.0,37205.0,観音寺市,0,0,Kagawa Ken,34.1166666667,133.65
31631.0,32927.0,33817.0,35495.0,37204.0,善通寺市,0,0,Kagawa Ken,34.2166666667,133.7833333333
50624.0,53164.0,55621.0,57266.0,37203.0,坂出市,0,0,Kagawa Ken,34.3,133.85
109513.0,110010.0,110473.0,110085.0,37202.0,丸亀市,0,0,Kagawa Ken,34.2833333333,133.7833333333
417496.0,420748.0,419429.0,337902.0,37201.0,高松市,0,0,Kagawa Ken,34.3333333333,134.0333333333
13622.0,14638.0,15044.0,0.0,36489.0,東みよし町,0,1,Tokushima Ken,34.0333333333,133.9333333333
0.0,0.0,0.0,1604.0,36488.0,西祖谷山村,1,0,Tokushima Ken,33.89281,133.81703
0.0,0.0,0.0,1929.0,36487.0,東祖谷山村,1,0,Tokushima Ken,33.86783,133.90444
0.0,0.0,0.0,9617.0,36486.0,三加茂町,1,0,Tokushima Ken,34.0338,133.908547
0.0,0.0,0.0,4853.0,36485.0,井川町,1,0,Tokushima Ken,34.02896,133.874136
0.0,0.0,0.0,4928.0,36484.0,山城町,1,0,Tokushima Ken,33.96047,133.75319
0.0,0.0,0.0,15690.0,36483.0,池田町,1,0,Tokushima Ken,34.02606,133.80719
0.0,0.0,0.0,6009.0,36482.0,三好町,1,0,Tokushima Ken,34.04272,133.86717
0.0,0.0,0.0,5099.0,36481.0,三野町,1,0,Tokushima Ken,34.04208,133.9705
7715.0,8927.0,10490.0,11722.0,36468.0,つるぎ町,0,0,Tokushima Ken,34.0333333333,134.05
11384.0,12039.0,12727.0,13123.0,36405.0,上板町,0,0,Tokushima Ken,34.1166666667,134.4
13042.0,13358.0,14241.0,14519.0,36404.0,板野町,0,0,Tokushima Ken,34.1333333333,134.45
35246.0,34626.0,33338.0,32286.0,36403.0,藍住町,0,0,Tokushima Ken,34.1166666667,134.4833333333
22745.0,22446.0,21658.0,20703.0,36402.0,北島町,0,0,Tokushima Ken,34.1166666667,134.5333333333
14583.0,15204.0,15070.0,14926.0,36401.0,松茂町,0,0,Tokushima Ken,34.1333333333,134.5666666667
8358.0,9283.0,10446.0,0.0,36388.0,海陽町,0,1,Tokushima Ken,33.5833333333,134.35
6222.0,7092.0,7765.0,0.0,36387.0,美波町,0,1,Tokushima Ken,33.7333333333,134.5333333333
0.0,0.0,0.0,3376.0,36386.0,宍喰町,1,0,Tokushima Ken,33.56733,134.30317
0.0,0.0,0.0,2342.0,36385.0,海部町,1,0,Tokushima Ken,33.59614,134.35306
0.0,0.0,0.0,5789.0,36384.0,海南町,1,0,Tokushima Ken,33.60206,134.35186
3743.0,4259.0,4826.0,5391.0,36383.0,牟岐町,0,0,Tokushima Ken,33.6666666667,134.4166666667
0.0,0.0,0.0,5456.0,36382.0,日和佐町,1,0,Tokushima Ken,33.73458,134.53542
0.0,0.0,0.0,3270.0,36381.0,由岐町,1,0,Tokushima Ken,33.77486,134.591
7367.0,8402.0,9318.0,10695.0,36368.0,那賀町,0,0,Tokushima Ken,33.85,134.4833333333
0.0,0.0,0.0,12163.0,36362.0,羽ノ浦町,1,0,Tokushima Ken,33.95686,134.62878
0.0,0.0,0.0,10914.0,36361.0,那賀川町,1,0,Tokushima Ken,33.95111,134.66217
4647.0,5300.0,6038.0,6924.0,36342.0,神山町,0,0,Tokushima Ken,33.9666666667,134.35
24833.0,25590.0,25954.0,26068.0,36341.0,石井町,0,0,Tokushima Ken,34.0666666667,134.4333333333
2058.0,2289.0,2588.0,2800.0,36321.0,佐那河内村,0,0,Tokushima Ken,33.9833333333,134.45
1380.0,1545.0,1783.0,1955.0,36302.0,上勝町,0,0,Tokushima Ken,33.8833333333,134.4
4837.0,5301.0,5765.0,6303.0,36301.0,勝浦町,0,0,Tokushima Ken,33.9166666667,134.5
23605.0,26836.0,29951.0,0.0,36208.0,三好市,0,1,Tokushima Ken,34.0166666667,133.8
28055.0,30501.0,32484.0,34565.0,36207.0,美馬市,0,0,Tokushima Ken,34.05,134.1666666667
34713.0,37202.0,39247.0,41076.0,36206.0,阿波市,0,0,Tokushima Ken,34.0666666667,134.2333333333
38772.0,41466.0,44020.0,45782.0,36205.0,吉野川市,0,0,Tokushima Ken,34.05,134.35
69470.0,73019.0,76063.0,54925.0,36204.0,阿南市,0,0,Tokushima Ken,33.9166666667,134.65
36149.0,38755.0,40614.0,42115.0,36203.0,小松島市,0,0,Tokushima Ken,34.0,134.5833333333
54622.0,59101.0,61513.0,63200.0,36202.0,鳴門市,0,0,Tokushima Ken,34.1666666667,134.6
252391.0,258554.0,264548.0,267833.0,36201.0,徳島市,0,0,Tokushima Ken,34.0666666667,134.55
0.0,0.0,0.0,7620.0,35504.0,阿東町,1,0,Yamaguchi Ken,34.39714,131.72089
3055.0,3463.0,3743.0,4101.0,35502.0,阿武町,0,0,Yamaguchi Ken,34.5,131.4666666667
0.0,0.0,0.0,5971.0,35462.0,秋芳町,1,0,Yamaguchi Ken,34.21364,131.29317
0.0,0.0,0.0,6114.0,35461.0,美東町,1,0,Yamaguchi Ken,34.22517,131.34272
11914.0,12798.0,13491.0,14203.0,35344.0,平生町,0,0,Yamaguchi Ken,33.9333333333,132.0666666667
14483.0,15317.0,15986.0,16287.0,35343.0,田布施町,0,0,Yamaguchi Ken,33.95,132.0333333333
2342.0,2803.0,3332.0,3706.0,35341.0,上関町,0,0,Yamaguchi Ken,33.8166666667,132.1
0.0,0.0,0.0,4855.0,35329.0,美和町,1,0,Yamaguchi Ken,34.22408,132.078
0.0,0.0,0.0,1637.0,35328.0,美川町,1,0,Yamaguchi Ken,34.24033,131.98758
0.0,0.0,0.0,3792.0,35326.0,錦町,1,0,Yamaguchi Ken,34.26431,131.95986
0.0,0.0,0.0,14100.0,35325.0,周東町,1,0,Yamaguchi Ken,34.09308,132.05119
0.0,0.0,0.0,1239.0,35324.0,本郷村,1,0,Yamaguchi Ken,34.29483,132.03933
0.0,0.0,0.0,11118.0,35323.0,玖珂町,1,0,Yamaguchi Ken,34.094667,132.080927
0.0,0.0,0.0,9454.0,35322.0,由宇町,1,0,Yamaguchi Ken,34.04681,132.21194
6034.0,6285.0,6378.0,6441.0,35321.0,和木町,0,0,Yamaguchi Ken,34.2,132.2166666667
14798.0,17199.0,19084.0,21392.0,35305.0,周防大島町,0,0,Yamaguchi Ken,33.9166666667,132.1833333333
60326.0,62671.0,64550.0,66261.0,35216.0,山陽小野田市,0,0,Yamaguchi Ken,34.0,131.1666666667
137540.0,144842.0,149487.0,152387.0,35215.0,周南市,0,0,Yamaguchi Ken,34.05,131.8
23247.0,26159.0,28630.0,17754.0,35213.0,美祢市,0,0,Yamaguchi Ken,34.1666666667,131.2
30799.0,32945.0,34730.0,35927.0,35212.0,柳井市,0,0,Yamaguchi Ken,33.95,132.1
32519.0,35439.0,38349.0,41127.0,35211.0,長門市,0,0,Yamaguchi Ken,34.3666666667,131.1666666667
49798.0,51369.0,53004.0,53971.0,35210.0,光市,0,0,Yamaguchi Ken,33.95,131.9333333333
129125.0,136757.0,143857.0,103507.0,35208.0,岩国市,0,0,Yamaguchi Ken,34.1666666667,132.2166666667
55887.0,55812.0,55012.0,53509.0,35207.0,下松市,0,0,Yamaguchi Ken,34.0,131.8666666667
113979.0,115942.0,116611.0,116818.0,35206.0,防府市,0,0,Yamaguchi Ken,34.05,131.55
44626.0,49560.0,53747.0,57990.0,35204.0,萩市,0,0,Yamaguchi Ken,34.4,131.3833333333
193966.0,197422.0,196628.0,191677.0,35203.0,山口市,0,0,Yamaguchi Ken,34.1666666667,131.4666666667
162570.0,169429.0,173772.0,178955.0,35202.0,宇部市,0,0,Yamaguchi Ken,33.95,131.2333333333
255051.0,268517.0,280947.0,290693.0,35201.0,下関市,0,0,Yamaguchi Ken,33.95,130.9333333333
8250.0,9217.0,10350.0,11590.0,34545.0,神石高原町,0,0,Hiroshima Ken,34.7,133.2333333333
0.0,0.0,0.0,40578.0,34501.0,神辺町,1,0,Hiroshima Ken,34.54633,133.374
15125.0,16337.0,17549.0,18866.0,34462.0,世羅町,0,0,Hiroshima Ken,34.5833333333,133.05
7158.0,7992.0,8448.0,9236.0,34431.0,大崎上島町,0,0,Hiroshima Ken,34.2666666667,132.9
0.0,0.0,0.0,9062.0,34430.0,瀬戸田町,1,0,Hiroshima Ken,34.304778,133.085083
17763.0,18918.0,19969.0,20857.0,34369.0,北広島町,0,0,Hiroshima Ken,34.6666666667,132.5333333333
5740.0,6472.0,7255.0,8238.0,34368.0,安芸太田町,0,0,Hiroshima Ken,34.5666666667,132.2166666667
0.0,0.0,0.0,1944.0,34327.0,宮島町,1,0,Hiroshima Ken,34.29907,132.32186
0.0,0.0,0.0,26442.0,34323.0,大野町,1,0,Hiroshima Ken,34.28636,132.27547
12582.0,12747.0,13262.0,12399.0,34309.0,坂町,0,0,Hiroshima Ken,34.3333333333,132.5
22834.0,23755.0,24533.0,25103.0,34307.0,熊野町,0,0,Hiroshima Ken,34.3333333333,132.5833333333
29636.0,28667.0,28475.0,29137.0,34304.0,海田町,0,0,Hiroshima Ken,34.3666666667,132.5333333333
51155.0,51053.0,50442.0,50732.0,34302.0,府中町,0,0,Hiroshima Ken,34.3833333333,132.5
21930.0,24339.0,27031.0,29939.0,34215.0,江田島市,0,0,Hiroshima Ken,34.2166666667,132.4333333333
26448.0,29488.0,31487.0,33096.0,34214.0,安芸高田市,0,0,Hiroshima Ken,34.65,132.7
114173.0,114906.0,114038.0,87144.0,34213.0,廿日市市,0,0,Hiroshima Ken,34.3333333333,132.3166666667
196608.0,192907.0,190135.0,184430.0,34212.0,東広島市,0,0,Hiroshima Ken,34.4166666667,132.7333333333
26319.0,27865.0,28836.0,30279.0,34211.0,大竹市,0,0,Hiroshima Ken,34.2333333333,132.2166666667
33633.0,37000.0,40244.0,43149.0,34210.0,庄原市,0,0,Hiroshima Ken,34.85,133.0166666667
50681.0,53615.0,56605.0,59314.0,34209.0,三次市,0,0,Hiroshima Ken,34.8,132.85
37655.0,40069.0,42563.0,45188.0,34208.0,府中市,0,0,Hiroshima Ken,34.565,133.241944
460930.0,464811.0,461357.0,418509.0,34207.0,福山市,0,0,Hiroshima Ken,34.4833333333,133.35
0.0,0.0,0.0,26677.0,34206.0,因島市,1,0,Hiroshima Ken,34.29458,133.16925
131170.0,138626.0,145202.0,114486.0,34205.0,尾道市,0,0,Hiroshima Ken,34.4,133.2
90573.0,96194.0,100509.0,104196.0,34204.0,三原市,0,0,Hiroshima Ken,34.3833333333,133.0666666667
23993.0,26426.0,28644.0,30657.0,34203.0,竹原市,0,0,Hiroshima Ken,34.3333333333,132.9
214592.0,228552.0,239973.0,251003.0,34202.0,呉市,0,0,Hiroshima Ken,34.2333333333,132.55
1200754.0,1194034.0,1173843.0,1154391.0,34100.0,広島市,0,0,Hiroshima Ken,34.3833333333,132.45
10886.0,11950.0,13033.0,14040.0,33681.0,吉備中央町,0,0,Okayama Ken,34.85,133.6833333333
13053.0,14432.0,15642.0,16577.0,33666.0,美咲町,0,0,Okayama Ken,34.9833333333,133.95
4530.0,4907.0,5296.0,5690.0,33663.0,久米南町,0,0,Okayama Ken,34.9166666667,133.95
1398.0,1472.0,1520.0,1684.0,33643.0,西粟倉村,0,0,Okayama Ken,35.1666666667,134.3333333333
5578.0,5906.0,6085.0,6475.0,33623.0,奈義町,0,0,Okayama Ken,35.1166666667,134.1666666667
10888.0,11125.0,11195.0,11263.0,33622.0,勝央町,0,0,Okayama Ken,35.0333333333,134.1
12062.0,12847.0,13580.0,14059.0,33606.0,鏡野町,0,0,Okayama Ken,35.0833333333,133.9166666667
813.0,866.0,957.0,1019.0,33586.0,新庄村,0,0,Okayama Ken,35.1666666667,133.5666666667
13414.0,14201.0,15092.0,15713.0,33461.0,矢掛町,0,0,Okayama Ken,34.6166666667,133.5833333333
10950.0,10929.0,10916.0,10823.0,33445.0,里庄町,0,0,Okayama Ken,34.5,133.55
0.0,0.0,0.0,6511.0,33444.0,寄島町,1,0,Okayama Ken,34.483339,133.588767
0.0,0.0,0.0,18475.0,33443.0,鴨方町,1,0,Okayama Ken,34.52783,133.58492
0.0,0.0,0.0,12341.0,33442.0,金光町,1,0,Okayama Ken,34.54306,133.62458
12368.0,12154.0,12214.0,11921.0,33423.0,早島町,0,0,Okayama Ken,34.6,133.8166666667
13623.0,14412.0,15362.0,12249.0,33346.0,和気町,0,0,Okayama Ken,34.8,134.15
0.0,0.0,0.0,3931.0,33345.0,佐伯町,1,0,Okayama Ken,34.84972,134.09789
0.0,0.0,0.0,14902.0,33321.0,瀬戸町,1,0,Okayama Ken,34.733889,134.039028
0.0,0.0,0.0,6524.0,33303.0,建部町,1,0,Okayama Ken,34.869278,133.90375
32772.0,34235.0,36114.0,0.0,33216.0,浅口市,0,1,Okayama Ken,34.5166666667,133.5833333333
25939.0,27977.0,30498.0,32479.0,33215.0,美作市,0,0,Okayama Ken,35.0,134.1333333333
42725.0,46124.0,48964.0,51782.0,33214.0,真庭市,0,0,Okayama Ken,35.0833333333,133.6833333333
42661.0,43214.0,43458.0,43913.0,33213.0,赤磐市,0,0,Okayama Ken,34.75,134.0166666667
36048.0,36975.0,37852.0,39081.0,33212.0,瀬戸内市,0,0,Okayama Ken,34.65,134.0833333333
32320.0,35179.0,37839.0,40241.0,33211.0,備前市,0,0,Okayama Ken,34.7333333333,134.1833333333
28079.0,30658.0,33870.0,36073.0,33210.0,新見市,0,0,Okayama Ken,34.9666666667,133.4666666667
29072.0,32075.0,34963.0,38799.0,33209.0,高梁市,0,0,Okayama Ken,34.7833333333,133.6166666667
69030.0,66855.0,66201.0,66584.0,33208.0,総社市,0,0,Okayama Ken,34.6666666667,133.7333333333
38384.0,41390.0,43927.0,45104.0,33207.0,井原市,0,0,Okayama Ken,34.5833333333,133.45
46088.0,50568.0,54225.0,57272.0,33205.0,笠岡市,0,0,Okayama Ken,34.5,133.5
56531.0,60736.0,64588.0,67047.0,33204.0,玉野市,0,0,Okayama Ken,34.4833333333,133.9333333333
99937.0,103746.0,106788.0,110569.0,33203.0,津山市,0,0,Okayama Ken,35.0666666667,134.0
474592.0,477118.0,475513.0,469377.0,33202.0,倉敷市,0,0,Okayama Ken,34.5833333333,133.7666666667
724691.0,719474.0,709584.0,674746.0,33100.0,岡山市,0,0,Okayama Ken,34.65,133.9166666667
13433.0,14608.0,15521.0,16904.0,32528.0,隠岐の島町,0,0,Shimane Ken,36.2,133.3166666667
634.0,615.0,657.0,725.0,32527.0,知夫村,0,0,Shimane Ken,36.0,133.0333333333
2788.0,3027.0,3136.0,3486.0,32526.0,西ノ島町,0,0,Shimane Ken,36.0833333333,132.9833333333
2267.0,2353.0,2374.0,2581.0,32525.0,海士町,0,0,Shimane Ken,36.0833333333,133.0833333333
6077.0,6374.0,6810.0,7362.0,32505.0,吉賀町,0,0,Shimane Ken,34.35,131.9333333333
6875.0,7653.0,8427.0,9515.0,32501.0,津和野町,0,0,Shimane Ken,34.5333333333,131.8333333333
10163.0,11101.0,11959.0,12944.0,32449.0,邑南町,0,0,Shimane Ken,34.8833333333,132.4333333333
4355.0,4900.0,5351.0,5911.0,32448.0,美郷町,0,0,Shimane Ken,35.07658,132.59058
3248.0,3442.0,3900.0,4324.0,32441.0,川本町,0,0,Shimane Ken,34.99519,132.49586
0.0,0.0,27689.0,27444.0,32401.0,斐川町,1,0,Shimane Ken,35.39286,132.84319
4577.0,5031.0,5534.0,5979.0,32386.0,飯南町,0,0,Shimane Ken,35.0,132.7
11849.0,13063.0,14456.0,15812.0,32343.0,奥出雲町,0,0,Shimane Ken,35.1833333333,133.0
0.0,0.0,14355.0,14193.0,32304.0,東出雲町,1,0,Shimane Ken,35.42975,133.15211
36007.0,39032.0,41917.0,44403.0,32209.0,雲南市,0,0,Shimane Ken,35.2833333333,132.9
22959.0,24468.0,25697.0,27774.0,32207.0,江津市,0,0,Shimane Ken,35.0,132.2166666667
37062.0,39528.0,41836.0,43839.0,32206.0,安来市,0,0,Shimane Ken,35.4166666667,133.25
32846.0,35166.0,37996.0,40703.0,32205.0,大田市,0,0,Shimane Ken,35.1833333333,132.4833333333
45003.0,47718.0,50015.0,52368.0,32204.0,益田市,0,0,Shimane Ken,34.6666666667,131.8333333333
172775.0,171938.0,143796.0,146307.0,32203.0,出雲市,0,0,Shimane Ken,35.3666666667,132.75
54592.0,58105.0,61713.0,63046.0,32202.0,浜田市,0,0,Shimane Ken,34.8833333333,132.0666666667
203616.0,206230.0,194258.0,196603.0,32201.0,松江市,0,0,Shimane Ken,35.4666666667,133.0333333333
2672.0,3004.0,3379.0,3643.0,31403.0,江府町,0,0,Tottori Ken,35.2666666667,133.4833333333
2907.0,3278.0,3745.0,4185.0,31402.0,日野町,0,0,Tottori Ken,35.24081,133.44275
4196.0,4765.0,5460.0,6112.0,31401.0,日南町,0,0,Tottori Ken,35.1666666667,133.3166666667
10696.0,11118.0,11621.0,12343.0,31390.0,伯耆町,0,0,Tottori Ken,35.3833333333,133.4
10323.0,10950.0,11536.0,12070.0,31389.0,南部町,0,0,Tottori Ken,35.34031,133.32667
15370.0,16470.0,17491.0,18897.0,31386.0,大山町,0,0,Tottori Ken,35.5,133.4833333333
3501.0,3439.0,3339.0,3073.0,31384.0,日吉津村,0,0,Tottori Ken,35.4333333333,133.3666666667
14228.0,14820.0,15442.0,16052.0,31372.0,北栄町,0,0,Tottori Ken,35.4833333333,133.75
16365.0,17416.0,18531.0,19499.0,31371.0,琴浦町,0,0,Tottori Ken,35.4833333333,133.6833333333
16055.0,16550.0,17029.0,17525.0,31370.0,湯梨浜町,0,0,Tottori Ken,35.4833333333,133.85
6060.0,6490.0,7015.0,7509.0,31364.0,三朝町,0,0,Tottori Ken,35.4,133.85
15937.0,16985.0,18427.0,19434.0,31329.0,八頭町,0,0,Tottori Ken,35.4,134.25
6427.0,7154.0,7718.0,8647.0,31328.0,智頭町,0,0,Tottori Ken,35.25,134.2166666667
2864.0,3269.0,3873.0,4378.0,31325.0,若桜町,0,0,Tottori Ken,35.3333333333,134.4
10799.0,11485.0,12362.0,13270.0,31302.0,岩美町,0,0,Tottori Ken,35.5666666667,134.3166666667
32740.0,34174.0,35259.0,36459.0,31204.0,境港市,0,0,Tottori Ken,35.5333333333,133.2166666667
46485.0,49044.0,50720.0,52592.0,31203.0,倉吉市,0,0,Tottori Ken,35.4166666667,133.8166666667
147317.0,149313.0,148271.0,149584.0,31202.0,米子市,0,0,Tottori Ken,35.4166666667,133.3166666667
188465.0,193717.0,197449.0,201740.0,31201.0,鳥取市,0,0,Tottori Ken,35.5,134.2333333333
14959.0,16558.0,18249.0,19931.0,30428.0,串本町,0,0,Wakayama Ken,33.4666666667,135.7666666667
404.0,446.0,486.0,570.0,30427.0,北山村,0,0,Wakayama Ken,33.9166666667,135.9666666667
2480.0,2826.0,3103.0,3426.0,30424.0,古座川町,0,0,Wakayama Ken,33.5166666667,135.8
2791.0,3087.0,3250.0,3506.0,30422.0,太地町,0,0,Wakayama Ken,33.5833333333,135.9333333333
14137.0,15682.0,17080.0,18185.0,30421.0,那智勝浦町,0,0,Wakayama Ken,33.6166666667,135.9333333333
3685.0,4127.0,4730.0,5293.0,30406.0,すさみ町,0,0,Wakayama Ken,33.55,135.4833333333
0.0,0.0,0.0,4436.0,30405.0,日置川町,1,0,Wakayama Ken,33.56789,135.43819
15236.0,14989.0,14807.0,14775.0,30404.0,上富田町,0,0,Wakayama Ken,33.6833333333,135.4166666667
20262.0,21533.0,22696.0,19206.0,30401.0,白浜町,0,0,Wakayama Ken,33.6666666667,135.3333333333
9219.0,9776.0,10509.0,11305.0,30392.0,日高川町,0,0,Wakayama Ken,33.9,135.1833333333
11818.0,12742.0,13470.0,14200.0,30391.0,みなべ町,0,0,Wakayama Ken,33.7666666667,135.3166666667
7720.0,8068.0,8606.0,9192.0,30390.0,印南町,0,0,Wakayama Ken,33.8166666667,135.2166666667
5364.0,5837.0,6508.0,7179.0,30383.0,由良町,0,0,Wakayama Ken,33.95,135.1166666667
7673.0,7641.0,7432.0,7344.0,30382.0,日高町,0,0,Wakayama Ken,33.92564,135.14106
6867.0,7480.0,8077.0,8462.0,30381.0,美浜町,0,0,Wakayama Ken,33.89372,135.13328
25258.0,26361.0,27162.0,0.0,30366.0,有田川町,0,1,Wakayama Ken,34.05,135.2
0.0,0.0,0.0,4616.0,30365.0,清水町,1,0,Wakayama Ken,34.08417,135.43133
0.0,0.0,0.0,9053.0,30364.0,金屋町,1,0,Wakayama Ken,34.0645,135.25394
0.0,0.0,0.0,14971.0,30363.0,吉備町,1,0,Wakayama Ken,34.0575,135.2161
6781.0,7224.0,7714.0,8071.0,30362.0,広川町,0,0,Wakayama Ken,34.03003,135.17294
11122.0,12200.0,13210.0,14742.0,30361.0,湯浅町,0,0,Wakayama Ken,34.0166666667,135.1666666667
2970.0,3352.0,3975.0,4632.0,30344.0,高野町,0,0,Wakayama Ken,34.2,135.5833333333
3856.0,4377.0,4963.0,5516.0,30343.0,九度山町,0,0,Wakayama Ken,34.2833333333,135.55
0.0,0.0,0.0,14600.0,30342.0,高野口町,1,0,Wakayama Ken,34.30661,135.55681
15967.0,16992.0,18230.0,19670.0,30341.0,かつらぎ町,0,0,Wakayama Ken,34.2833333333,135.5
0.0,0.0,0.0,50834.0,30326.0,岩出町,1,0,Wakayama Ken,34.25625,135.31133
0.0,0.0,0.0,20991.0,30325.0,貴志川町,1,0,Wakayama Ken,34.21828,135.31406
0.0,0.0,0.0,7879.0,30324.0,桃山町,1,0,Wakayama Ken,34.23922,135.35108
0.0,0.0,0.0,8347.0,30323.0,那賀町,1,0,Wakayama Ken,34.27236,135.43714
0.0,0.0,0.0,15594.0,30322.0,粉河町,1,0,Wakayama Ken,34.26997,135.40797
0.0,0.0,0.0,15051.0,30321.0,打田町,1,0,Wakayama Ken,34.26953,135.36258
8256.0,9206.0,10391.0,0.0,30304.0,紀美野町,0,1,Wakayama Ken,34.1666666667,135.3
0.0,0.0,0.0,3791.0,30303.0,美里町,1,0,Wakayama Ken,34.14981,135.35514
0.0,0.0,0.0,7852.0,30302.0,野上町,1,0,Wakayama Ken,34.16719,135.30758
53967.0,53452.0,52882.0,0.0,30209.0,岩出市,0,1,Wakayama Ken,34.25,135.3
58816.0,62616.0,65840.0,0.0,30208.0,紀の川市,0,1,Wakayama Ken,34.2666666667,135.35
27171.0,29331.0,31498.0,33790.0,30207.0,新宮市,0,0,Wakayama Ken,33.7166666667,135.9833333333
69870.0,74770.0,79119.0,82499.0,30206.0,田辺市,0,0,Wakayama Ken,33.7166666667,135.3666666667
23481.0,24801.0,26111.0,27053.0,30205.0,御坊市,0,0,Wakayama Ken,33.8833333333,135.15
26538.0,28470.0,30592.0,32143.0,30204.0,有田市,0,0,Wakayama Ken,34.0666666667,135.1166666667
60818.0,63621.0,66361.0,53929.0,30203.0,橋本市,0,0,Wakayama Ken,34.3,135.6
48369.0,51860.0,54783.0,57744.0,30202.0,海南市,0,0,Wakayama Ken,34.15,135.2
356729.0,364154.0,370364.0,375591.0,30201.0,和歌山市,0,0,Wakayama Ken,34.2166666667,135.1666666667
1502.0,1745.0,2143.0,2608.0,29453.0,東吉野村,0,0,Nara Ken,34.4,135.9666666667
1156.0,1313.0,1643.0,2045.0,29452.0,川上村,0,0,Nara Ken,34.33822,135.95431
444.0,512.0,683.0,802.0,29451.0,上北山村,0,0,Nara Ken,34.1333333333,136.0
753.0,895.0,1039.0,1212.0,29450.0,下北山村,0,0,Nara Ken,34.0,135.95
3061.0,3508.0,4107.0,4390.0,29449.0,十津川村,0,0,Nara Ken,33.9833333333,135.7833333333
357.0,449.0,524.0,743.0,29447.0,野迫川村,0,0,Nara Ken,34.15,135.6166666667
1176.0,1354.0,1572.0,1800.0,29446.0,天川村,0,0,Nara Ken,34.2333333333,135.85
623.0,660.0,840.0,1076.0,29444.0,黒滝村,0,0,Nara Ken,34.3,135.85
5037.0,5664.0,7020.0,7737.0,29443.0,下市町,0,0,Nara Ken,34.35,135.7833333333
16728.0,18069.0,19176.0,20070.0,29442.0,大淀町,0,0,Nara Ken,34.3833333333,135.7833333333
6229.0,7399.0,8642.0,9984.0,29441.0,吉野町,0,0,Nara Ken,34.3833333333,135.85
17018.0,17941.0,18531.0,19446.0,29427.0,河合町,0,0,Nara Ken,34.5666666667,135.7333333333
33810.0,33487.0,33070.0,32810.0,29426.0,広陵町,0,0,Nara Ken,34.5333333333,135.75
24043.0,23025.0,22182.0,22751.0,29425.0,王寺町,0,0,Nara Ken,34.5833333333,135.7
21714.0,22054.0,23728.0,24953.0,29424.0,上牧町,0,0,Nara Ken,34.55,135.7166666667
5179.0,5523.0,5856.0,6343.0,29402.0,明日香村,0,0,Nara Ken,34.4666666667,135.8166666667
6729.0,7195.0,7657.0,7914.0,29401.0,高取町,0,0,Nara Ken,34.4333333333,135.7833333333
1479.0,1759.0,2102.0,2366.0,29386.0,御杖村,0,0,Nara Ken,34.4833333333,136.15
1295.0,1549.0,1895.0,2193.0,29385.0,曽爾村,0,0,Nara Ken,34.5,136.1166666667
0.0,0.0,0.0,5786.0,29384.0,室生村,1,0,Nara Ken,34.56447,136.01594
0.0,0.0,0.0,18549.0,29383.0,榛原町,1,0,Nara Ken,34.52808,135.95231
0.0,0.0,0.0,4623.0,29382.0,菟田野町,1,0,Nara Ken,34.47292,135.97894
0.0,0.0,0.0,8225.0,29381.0,大宇陀町,1,0,Nara Ken,34.47889,135.92811
31177.0,31691.0,32121.0,33029.0,29363.0,田原本町,0,0,Nara Ken,34.55,135.7833333333
6439.0,6836.0,7440.0,7764.0,29362.0,三宅町,0,0,Nara Ken,34.5666666667,135.7666666667
8167.0,8485.0,8653.0,9174.0,29361.0,川西町,0,0,Nara Ken,34.58436,135.77406
7225.0,7443.0,7929.0,8257.0,29345.0,安堵町,0,0,Nara Ken,34.6,135.75
27587.0,27303.0,27734.0,27816.0,29344.0,斑鳩町,0,0,Nara Ken,34.6,135.7166666667
23219.0,23571.0,23440.0,23062.0,29343.0,三郷町,0,0,Nara Ken,34.6,135.6833333333
18009.0,18883.0,19727.0,20286.0,29342.0,平群町,0,0,Nara Ken,34.6166666667,135.7
3226.0,3674.0,4107.0,4595.0,29322.0,山添村,0,0,Nara Ken,34.6666666667,136.0333333333
28121.0,31105.0,34227.0,0.0,29212.0,宇陀市,0,1,Nara Ken,34.5166666667,135.95
36832.0,36635.0,35859.0,34985.0,29211.0,葛城市,0,0,Nara Ken,34.4833333333,135.7166666667
78113.0,77561.0,75227.0,70998.0,29210.0,香芝市,0,0,Nara Ken,34.5333333333,135.6833333333
116675.0,118233.0,118113.0,113686.0,29209.0,生駒市,0,0,Nara Ken,34.6833333333,135.7
24096.0,26868.0,30287.0,32273.0,29208.0,御所市,0,0,Nara Ken,34.45,135.7333333333
27927.0,30997.0,34460.0,37375.0,29207.0,五條市,0,0,Nara Ken,34.35,135.6833333333
54857.0,57244.0,60146.0,61130.0,29206.0,桜井市,0,0,Nara Ken,34.5166666667,135.8333333333
120922.0,124111.0,125605.0,124728.0,29205.0,橿原市,0,0,Nara Ken,34.5,135.7833333333
63889.0,67398.0,69178.0,71152.0,29204.0,天理市,0,0,Nara Ken,34.5833333333,135.8333333333
83285.0,87050.0,89023.0,91672.0,29203.0,大和郡山市,0,0,Nara Ken,34.6333333333,135.7666666667
61744.0,64817.0,68451.0,70800.0,29202.0,大和高田市,0,0,Nara Ken,34.5,135.7333333333
354630.0,360310.0,366591.0,370102.0,29201.0,奈良市,0,0,Nara Ken,34.6833333333,135.8
0.0,0.0,0.0,11101.0,28685.0,五色町,1,0,Hyōgo Ken,34.41308,134.78433
13318.0,14819.0,16004.0,17467.0,28586.0,新温泉町,0,0,Hyōgo Ken,35.6166666667,134.4333333333
16064.0,18070.0,19696.0,21439.0,28585.0,香美町,0,0,Hyōgo Ken,35.6333333333,134.6166666667
0.0,0.0,0.0,5650.0,28522.0,安富町,1,0,Hyōgo Ken,34.98575,134.59558
15863.0,17510.0,19265.0,21012.0,28501.0,佐用町,0,0,Hyōgo Ken,35.0,134.35
13879.0,15224.0,16636.0,17603.0,28481.0,上郡町,0,0,Hyōgo Ken,34.8666666667,134.35
33477.0,33690.0,33438.0,32555.0,28464.0,太子町,0,0,Hyōgo Ken,34.83328,135.57242
10616.0,11452.0,12289.0,0.0,28446.0,神河町,0,1,Hyōgo Ken,35.05,134.7333333333
0.0,0.0,0.0,5043.0,28445.0,大河内町,1,0,Hyōgo Ken,35.06425,134.73986
0.0,0.0,0.0,19326.0,28444.0,香寺町,1,0,Hyōgo Ken,34.91031,134.73767
19377.0,19738.0,19830.0,20669.0,28443.0,福崎町,0,0,Hyōgo Ken,34.95,134.75
11231.0,12300.0,13288.0,14150.0,28442.0,市川町,0,0,Hyōgo Ken,34.9833333333,134.75
0.0,0.0,0.0,8034.0,28441.0,神崎町,1,0,Hyōgo Ken,35.07047,134.77964
0.0,0.0,0.0,21228.0,28422.0,夢前町,1,0,Hyōgo Ken,34.97303,134.68486
0.0,0.0,0.0,7724.0,28421.0,家島町,1,0,Hyōgo Ken,34.67561,134.53203
33604.0,33739.0,33183.0,33545.0,28382.0,播磨町,0,0,Hyōgo Ken,34.7,134.8666666667
30268.0,31020.0,31026.0,31944.0,28381.0,稲美町,0,0,Hyōgo Ken,34.7333333333,134.9
19261.0,21200.0,23104.0,0.0,28365.0,多可町,0,1,Hyōgo Ken,35.05,134.9166666667
0.0,0.0,0.0,5844.0,28363.0,八千代町,1,0,Hyōgo Ken,35.00544,134.90689
0.0,0.0,0.0,7204.0,28362.0,加美町,1,0,Hyōgo Ken,35.10256,134.90047
0.0,0.0,0.0,11256.0,28361.0,中町,1,0,Hyōgo Ken,35.05031,134.92336
0.0,0.0,0.0,7271.0,28343.0,東条町,1,0,Hyōgo Ken,34.90672,135.0655
0.0,0.0,0.0,11967.0,28342.0,滝野町,1,0,Hyōgo Ken,34.93778,134.94511
0.0,0.0,0.0,20732.0,28341.0,社町,1,0,Hyōgo Ken,34.91736,134.97333
0.0,0.0,0.0,9274.0,28321.0,吉川町,1,0,Hyōgo Ken,34.886408,135.124211
29680.0,30838.0,31739.0,30021.0,28301.0,猪名川町,0,0,Hyōgo Ken,34.8833333333,135.3666666667
74316.0,77419.0,80518.0,81561.0,28229.0,たつの市,0,0,Hyōgo Ken,34.85,134.5333333333
40645.0,40310.0,40181.0,0.0,28228.0,加東市,0,1,Hyōgo Ken,34.9166666667,134.9666666667
34819.0,37773.0,40938.0,43302.0,28227.0,宍粟市,0,0,Hyōgo Ken,35.0,134.5333333333
41967.0,43977.0,46459.0,49078.0,28226.0,淡路市,0,0,Hyōgo Ken,34.4333333333,134.9
28989.0,30805.0,32814.0,34791.0,28225.0,朝来市,0,0,Hyōgo Ken,35.3333333333,134.85
44137.0,46912.0,49834.0,52283.0,28224.0,南あわじ市,0,0,Hyōgo Ken,34.2833333333,134.7666666667
61471.0,64660.0,67757.0,70810.0,28223.0,丹波市,0,0,Hyōgo Ken,35.1666666667,135.0333333333
22129.0,24288.0,26501.0,28306.0,28222.0,養父市,0,0,Hyōgo Ken,35.4,134.7666666667
39611.0,41490.0,43263.0,45245.0,28221.0,篠山市,0,0,Hyōgo Ken,35.0666666667,135.2166666667
42700.0,44313.0,47993.0,49396.0,28220.0,加西市,0,0,Hyōgo Ken,34.9166666667,134.8333333333
109238.0,112691.0,114216.0,113572.0,28219.0,三田市,0,0,Hyōgo Ken,34.8833333333,135.2166666667
47562.0,48580.0,49680.0,49761.0,28218.0,小野市,0,0,Hyōgo Ken,34.85,134.9166666667
152321.0,156375.0,156423.0,157668.0,28217.0,川西市,0,0,Hyōgo Ken,34.8166666667,135.4166666667
87722.0,91030.0,93901.0,94813.0,28216.0,高砂市,0,0,Hyōgo Ken,34.75,134.7833333333
75294.0,77178.0,81009.0,75087.0,28215.0,三木市,0,0,Hyōgo Ken,34.7833333333,134.9833333333
226432.0,224903.0,225700.0,219862.0,28214.0,宝塚市,0,0,Hyōgo Ken,34.81139,135.34056
38673.0,40866.0,42802.0,43953.0,28213.0,西脇市,0,0,Hyōgo Ken,34.9833333333,134.9666666667
45892.0,48567.0,50523.0,51794.0,28212.0,赤穂市,0,0,Hyōgo Ken,34.75,134.3833333333
260878.0,267435.0,266937.0,267100.0,28210.0,加古川市,0,0,Hyōgo Ken,34.75,134.8333333333
77489.0,82250.0,85592.0,89208.0,28209.0,豊岡市,0,0,Hyōgo Ken,35.5333333333,134.8166666667
28355.0,30129.0,31158.0,32475.0,28208.0,相生市,0,0,Hyōgo Ken,34.8,134.4666666667
198138.0,196883.0,196127.0,192250.0,28207.0,伊丹市,0,0,Hyōgo Ken,34.7833333333,135.4
93922.0,95350.0,93238.0,90590.0,28206.0,芦屋市,0,0,Hyōgo Ken,34.7166666667,135.3
41236.0,44258.0,47254.0,38929.0,28205.0,洲本市,0,0,Hyōgo Ken,34.3333333333,134.8833333333
485587.0,487850.0,482640.0,465337.0,28204.0,西宮市,0,0,Hyōgo Ken,34.7333333333,135.3333333333
303601.0,293409.0,290959.0,291027.0,28203.0,明石市,0,0,Hyōgo Ken,34.6333333333,134.9833333333
459593.0,452563.0,453748.0,462647.0,28202.0,尼崎市,0,0,Hyōgo Ken,34.7333333333,135.4
530495.0,535664.0,536270.0,482304.0,28201.0,姫路市,0,0,Hyōgo Ken,34.8,134.6833333333
1525152.0,1537272.0,1544200.0,1525393.0,28100.0,神戸市,0,0,Hyōgo Ken,34.6833333333,135.1833333333
4909.0,5378.0,6015.0,6538.0,27383.0,千早赤阪村,0,0,Osaka Fu,34.45,135.6166666667
15697.0,16126.0,17040.0,17545.0,27382.0,河南町,0,0,Osaka Fu,34.4833333333,135.6166666667
13009.0,13748.0,14220.0,14483.0,27381.0,太子町,0,0,Osaka Fu,34.5166666667,135.6333333333
14741.0,15938.0,17504.0,18504.0,27366.0,岬町,0,0,Osaka Fu,34.3166666667,135.1333333333
8434.0,8417.0,8085.0,7240.0,27362.0,田尻町,0,0,Osaka Fu,34.39378,135.29117
43763.0,44435.0,45069.0,44505.0,27361.0,熊取町,0,0,Osaka Fu,34.4,135.35
16567.0,17298.0,18149.0,17586.0,27341.0,忠岡町,0,0,Osaka Fu,34.4833333333,135.4
9079.0,10256.0,11650.0,12897.0,27322.0,能勢町,0,0,Osaka Fu,34.9666666667,135.4
18279.0,19934.0,21989.0,23928.0,27321.0,豊能町,0,0,Osaka Fu,34.9166666667,135.4833333333
30927.0,29983.0,28935.0,29052.0,27301.0,島本町,0,0,Osaka Fu,34.8833333333,135.65
51254.0,54276.0,56646.0,57616.0,27232.0,阪南市,0,0,Osaka Fu,34.35,135.2333333333
58435.0,57792.0,58227.0,58208.0,27231.0,大阪狭山市,0,0,Osaka Fu,34.5,135.55
75033.0,76435.0,77686.0,77644.0,27230.0,交野市,0,0,Osaka Fu,34.7833333333,135.6666666667
55177.0,56075.0,57554.0,57342.0,27229.0,四條畷市,0,0,Osaka Fu,34.7333333333,135.6333333333
60102.0,62438.0,64403.0,64683.0,27228.0,泉南市,0,0,Osaka Fu,34.35,135.2666666667
493940.0,502784.0,509533.0,513821.0,27227.0,東大阪市,0,0,Osaka Fu,34.6666666667,135.6
63688.0,65438.0,66165.0,65780.0,27226.0,藤井寺市,0,0,Osaka Fu,34.5666666667,135.5833333333
55635.0,56529.0,59572.0,61127.0,27225.0,高石市,0,0,Osaka Fu,34.5166666667,135.4333333333
87456.0,85007.0,83720.0,85009.0,27224.0,摂津市,0,0,Osaka Fu,34.7666666667,135.55
119764.0,123576.0,130282.0,131706.0,27223.0,門真市,0,0,Osaka Fu,34.7333333333,135.5833333333
108736.0,112683.0,117681.0,118695.0,27222.0,羽曳野市,0,0,Osaka Fu,34.55,135.6
68775.0,71112.0,74773.0,77034.0,27221.0,柏原市,0,0,Osaka Fu,34.5666666667,135.6166666667
136868.0,133411.0,129895.0,127135.0,27220.0,箕面市,0,0,Osaka Fu,34.8166666667,135.4666666667
184495.0,186109.0,184988.0,177856.0,27219.0,和泉市,0,0,Osaka Fu,34.4833333333,135.4166666667
119367.0,123217.0,127534.0,126504.0,27218.0,大東市,0,0,Osaka Fu,34.7,135.6166666667
117641.0,120750.0,124594.0,127276.0,27217.0,松原市,0,0,Osaka Fu,34.5666666667,135.55
101692.0,106987.0,112490.0,117239.0,27216.0,河内長野市,0,0,Osaka Fu,34.45,135.55
229733.0,237518.0,238204.0,241816.0,27215.0,寝屋川市,0,0,Osaka Fu,34.75,135.6166666667
108699.0,113984.0,119576.0,123837.0,27214.0,富田林市,0,0,Osaka Fu,34.4833333333,135.5833333333
100131.0,100966.0,100801.0,98889.0,27213.0,泉佐野市,0,0,Osaka Fu,34.4,135.3166666667
264642.0,268800.0,271460.0,273487.0,27212.0,八尾市,0,0,Osaka Fu,34.6166666667,135.6
287730.0,280033.0,274822.0,267961.0,27211.0,茨木市,0,0,Osaka Fu,34.8,135.5666666667
397289.0,404152.0,407978.0,404044.0,27210.0,枚方市,0,0,Osaka Fu,34.8,135.65
143096.0,143042.0,146697.0,147465.0,27209.0,守口市,0,0,Osaka Fu,34.7333333333,135.55
84443.0,88694.0,90519.0,90314.0,27208.0,貝塚市,0,0,Osaka Fu,34.4333333333,135.35
352698.0,351829.0,357359.0,351826.0,27207.0,高槻市,0,0,Osaka Fu,34.8333333333,135.6166666667
74412.0,75897.0,77548.0,77673.0,27206.0,泉大津市,0,0,Osaka Fu,34.5,135.4
385567.0,374468.0,355798.0,353885.0,27205.0,吹田市,0,0,Osaka Fu,34.75,135.5166666667
104993.0,103069.0,104229.0,101616.0,27204.0,池田市,0,0,Osaka Fu,34.8166666667,135.4166666667
401558.0,395479.0,389341.0,386623.0,27203.0,豊中市,0,0,Osaka Fu,34.7666666667,135.4666666667
190658.0,194911.0,199234.0,201000.0,27202.0,岸和田市,0,0,Osaka Fu,34.45,135.3666666667
826161.0,839310.0,841966.0,830966.0,27140.0,堺市,0,0,Osaka Fu,34.5666666667,135.4666666667
2752412.0,2691185.0,2665314.0,2628811.0,27100.0,大阪市,0,0,Osaka Fu,34.6833333333,135.5
20092.0,21834.0,23454.0,0.0,26465.0,与謝野町,0,1,Kyoto Fu,35.55,135.15
0.0,0.0,0.0,10841.0,26464.0,野田川町,1,0,Kyoto Fu,35.52811,135.09914
1928.0,2110.0,2410.0,2718.0,26463.0,伊根町,0,0,Kyoto Fu,35.6666666667,135.2833333333
0.0,0.0,0.0,6539.0,26462.0,岩滝町,1,0,Kyoto Fu,35.56539,135.15292
0.0,0.0,0.0,7526.0,26461.0,加悦町,1,0,Kyoto Fu,35.50331,135.09514
0.0,0.0,0.0,5426.0,26441.0,大江町,1,0,Kyoto Fu,35.38986,135.14772
0.0,0.0,0.0,4453.0,26422.0,夜久野町,1,0,Kyoto Fu,35.31847,135.00267
0.0,0.0,0.0,4240.0,26421.0,三和町,1,0,Kyoto Fu,35.217818,135.233141
12907.0,14453.0,15732.0,0.0,26407.0,京丹波町,0,1,Kyoto Fu,35.15,135.4166666667
0.0,0.0,0.0,3666.0,26406.0,和知町,1,0,Kyoto Fu,35.26047,135.39647
0.0,0.0,0.0,4947.0,26405.0,瑞穂町,1,0,Kyoto Fu,35.17817,135.37444
0.0,0.0,0.0,5951.0,26404.0,日吉町,1,0,Kyoto Fu,35.16433,135.50158
0.0,0.0,0.0,8280.0,26403.0,丹波町,1,0,Kyoto Fu,35.16436,135.42328
0.0,0.0,0.0,8869.0,26402.0,八木町,1,0,Kyoto Fu,35.07069,135.53233
0.0,0.0,0.0,17061.0,26401.0,園部町,1,0,Kyoto Fu,35.10739,135.47025
0.0,0.0,0.0,4855.0,26382.0,美山町,1,0,Kyoto Fu,35.27,135.55
2391.0,2652.0,3078.0,3466.0,26367.0,南山城村,0,0,Kyoto Fu,34.7666666667,135.9833333333
36198.0,36376.0,35630.0,34236.0,26366.0,精華町,0,0,Kyoto Fu,34.75,135.7833333333
3478.0,3956.0,4482.0,4998.0,26365.0,和束町,0,0,Kyoto Fu,34.7833333333,135.9
1144.0,1368.0,1626.0,1876.0,26364.0,笠置町,0,0,Kyoto Fu,34.75,135.9333333333
0.0,0.0,0.0,15607.0,26363.0,加茂町,1,0,Kyoto Fu,34.75197,135.86644
0.0,0.0,0.0,39129.0,26362.0,木津町,1,0,Kyoto Fu,34.73717,135.82006
0.0,0.0,0.0,8913.0,26361.0,山城町,1,0,Kyoto Fu,34.74981,135.81753
8911.0,9319.0,9711.0,10060.0,26344.0,宇治田原町,0,0,Kyoto Fu,34.85,135.85
7406.0,7910.0,8447.0,8951.0,26343.0,井手町,0,0,Kyoto Fu,34.7833333333,135.8
15250.0,15805.0,15914.0,16610.0,26322.0,久御山町,0,0,Kyoto Fu,34.8666666667,135.7166666667
15953.0,15181.0,15121.0,15191.0,26303.0,大山崎町,0,0,Kyoto Fu,34.9,135.6833333333
77907.0,72840.0,69761.0,0.0,26214.0,木津川市,0,1,Kyoto Fu,34.7333333333,135.8166666667
31629.0,33145.0,35214.0,0.0,26213.0,南丹市,0,1,Kyoto Fu,35.1,135.4666666667
50860.0,55054.0,59038.0,62723.0,26212.0,京丹後市,0,0,Kyoto Fu,35.6166666667,135.05
73753.0,70835.0,67910.0,64008.0,26211.0,京田辺市,0,0,Kyoto Fu,34.8,135.7666666667
70433.0,72664.0,74227.0,74252.0,26210.0,八幡市,0,0,Kyoto Fu,34.8666666667,135.7
80608.0,80090.0,79844.0,78335.0,26209.0,長岡京市,0,0,Kyoto Fu,34.9166666667,135.6833333333
56859.0,53380.0,54328.0,55041.0,26208.0,向日市,0,0,Kyoto Fu,34.9333333333,135.6833333333
74607.0,76869.0,80037.0,81636.0,26207.0,城陽市,0,0,Kyoto Fu,34.85,135.7666666667
86174.0,89479.0,92399.0,93996.0,26206.0,亀岡市,0,0,Kyoto Fu,35.0,135.5666666667
16758.0,18426.0,19948.0,21512.0,26205.0,宮津市,0,0,Kyoto Fu,35.5333333333,135.1833333333
179630.0,184678.0,189609.0,189591.0,26204.0,宇治市,0,0,Kyoto Fu,34.8833333333,135.7833333333
31846.0,33821.0,35836.0,37755.0,26203.0,綾部市,0,0,Kyoto Fu,35.2833333333,135.25
80336.0,83990.0,88669.0,91733.0,26202.0,舞鶴市,0,0,Kyoto Fu,35.4666666667,135.3833333333
77306.0,78935.0,79652.0,67858.0,26201.0,福知山市,0,0,Kyoto Fu,35.2833333333,135.1166666667
1463723.0,1475183.0,1474015.0,1474811.0,26100.0,京都市,0,0,Kyoto Fu,35.0,135.7666666667
0.0,0.0,0.0,4622.0,25504.0,西浅井町,1,0,Shiga Ken,35.49853,136.12358
0.0,0.0,0.0,3931.0,25503.0,余呉町,1,0,Shiga Ken,35.5,136.2
0.0,0.0,0.0,8519.0,25502.0,木之本町,1,0,Shiga Ken,35.50225,136.2261
0.0,0.0,0.0,10242.0,25501.0,高月町,1,0,Shiga Ken,35.5,136.2
0.0,0.0,0.0,7514.0,25484.0,びわ町,1,0,Shiga Ken,35.411472,136.233917
0.0,0.0,0.0,8926.0,25483.0,湖北町,1,0,Shiga Ken,35.4465,136.23378
0.0,0.0,0.0,5582.0,25482.0,虎姫町,1,0,Shiga Ken,35.41986,136.26469
0.0,0.0,0.0,12937.0,25481.0,浅井町,1,0,Shiga Ken,35.42864,136.29825
7274.0,7355.0,7761.0,8145.0,25443.0,多賀町,0,0,Shiga Ken,35.2166666667,136.2833333333
6362.0,7039.0,7500.0,8103.0,25442.0,甲良町,0,0,Shiga Ken,35.2,136.25
7132.0,7422.0,7566.0,7418.0,25441.0,豊郷町,0,0,Shiga Ken,35.2,136.2166666667
20893.0,20778.0,20118.0,0.0,25425.0,愛荘町,0,1,Shiga Ken,35.1666666667,136.2
0.0,0.0,0.0,11715.0,25424.0,愛知川町,1,0,Shiga Ken,35.17,136.21
0.0,0.0,0.0,8014.0,25423.0,秦荘町,1,0,Shiga Ken,35.17453,136.24486
0.0,0.0,0.0,23148.0,25403.0,能登川町,1,0,Shiga Ken,35.18461,136.16228
11789.0,12434.0,12916.0,13280.0,25384.0,竜王町,0,0,Shiga Ken,35.05,136.1166666667
20964.0,21873.0,22870.0,22809.0,25383.0,日野町,0,0,Shiga Ken,35.0166666667,136.2333333333
0.0,0.0,0.0,14846.0,25382.0,蒲生町,1,0,Shiga Ken,35.0595,136.18178
0.0,0.0,0.0,12080.0,25381.0,安土町,1,0,Shiga Ken,35.13233,136.14103
0.0,0.0,0.0,22047.0,25301.0,志賀町,1,0,Shiga Ken,35.20633,135.92117
37225.0,38719.0,40060.0,41009.0,25214.0,米原市,0,0,Shiga Ken,35.3,136.2833333333
112819.0,114180.0,115479.0,78803.0,25213.0,東近江市,0,0,Shiga Ken,35.1,136.2
46377.0,50025.0,52486.0,53950.0,25212.0,高島市,0,0,Shiga Ken,35.35,136.0333333333
54460.0,54289.0,54614.0,55325.0,25211.0,湖南市,0,0,Shiga Ken,35.0,136.0833333333
50513.0,49889.0,49955.0,49486.0,25210.0,野洲市,0,0,Shiga Ken,35.0666666667,136.0166666667
88358.0,90901.0,92704.0,93853.0,25209.0,甲賀市,0,0,Shiga Ken,34.95,136.1666666667
68820.0,66749.0,63655.0,59869.0,25208.0,栗東市,0,0,Shiga Ken,35.0166666667,135.9833333333
83236.0,79859.0,76560.0,70823.0,25207.0,守山市,0,0,Shiga Ken,35.05,135.9833333333
143913.0,137247.0,130874.0,121159.0,25206.0,草津市,0,0,Shiga Ken,35.0,135.95
81122.0,81312.0,81738.0,68530.0,25204.0,近江八幡市,0,0,Shiga Ken,35.1166666667,136.0833333333
113636.0,118193.0,124131.0,62225.0,25203.0,長浜市,0,0,Shiga Ken,35.3666666667,136.2666666667
113647.0,113679.0,112156.0,109779.0,25202.0,彦根市,0,0,Shiga Ken,35.2666666667,136.25
345070.0,340973.0,337634.0,301672.0,25201.0,大津市,0,0,Shiga Ken,35.0166666667,135.85
0.0,0.0,0.0,4837.0,24564.0,鵜殿村,1,0,Mie Ken,33.73761,136.01233
0.0,0.0,0.0,1623.0,24563.0,紀和町,1,0,Mie Ken,33.87617,135.91739
10321.0,11207.0,11896.0,7811.0,24562.0,紀宝町,0,0,Mie Ken,33.7333333333,136.0
8079.0,8741.0,9376.0,9903.0,24561.0,御浜町,0,0,Mie Ken,33.8,136.0333333333
14604.0,16338.0,18611.0,0.0,24543.0,紀北町,0,1,Mie Ken,34.1,136.2166666667
0.0,0.0,0.0,9695.0,24542.0,海山町,1,0,Mie Ken,34.10936,136.23075
0.0,0.0,0.0,10268.0,24541.0,紀伊長島町,1,0,Mie Ken,34.19886,136.32708
10989.0,12788.0,14791.0,16687.0,24472.0,南伊勢町,0,0,Mie Ken,34.35,136.7
7815.0,8939.0,9846.0,10788.0,24471.0,大紀町,0,0,Mie Ken,34.35,136.4
7847.0,8309.0,8692.0,9057.0,24470.0,度会町,0,0,Mie Ken,34.4333333333,136.6166666667
0.0,0.0,0.0,9115.0,24468.0,御薗村,1,0,Mie Ken,34.50964,136.71025
0.0,0.0,0.0,18986.0,24463.0,小俣町,1,0,Mie Ken,34.50758,136.67481
0.0,0.0,0.0,9095.0,24462.0,二見町,1,0,Mie Ken,34.50619,136.77947
15041.0,15431.0,15297.0,14888.0,24461.0,玉城町,0,0,Mie Ken,34.4833333333,136.6166666667
0.0,0.0,0.0,3855.0,24445.0,宮川村,1,0,Mie Ken,34.36233,136.33594
0.0,0.0,0.0,5146.0,24444.0,勢和村,1,0,Mie Ken,34.46131,136.45947
8668.0,9557.0,10416.0,7244.0,24443.0,大台町,0,0,Mie Ken,34.3833333333,136.4
22445.0,22586.0,22833.0,22618.0,24442.0,明和町,0,0,Mie Ken,34.54767,136.6235
14021.0,14878.0,15438.0,10647.0,24441.0,多気町,0,0,Mie Ken,34.4833333333,136.5333333333
0.0,0.0,0.0,6392.0,24406.0,美杉村,1,0,Mie Ken,34.55569,136.26369
0.0,0.0,0.0,13040.0,24404.0,白山町,1,0,Mie Ken,34.63944,136.3395
0.0,0.0,0.0,14853.0,24403.0,一志町,1,0,Mie Ken,34.65622,136.43478
0.0,0.0,0.0,5174.0,24402.0,香良洲町,1,0,Mie Ken,34.644056,136.539139
0.0,0.0,0.0,11152.0,24384.0,安濃町,1,0,Mie Ken,34.75956,136.44697
0.0,0.0,0.0,4094.0,24383.0,美里村,1,0,Mie Ken,34.72156,136.38681
0.0,0.0,0.0,8492.0,24382.0,芸濃町,1,0,Mie Ken,34.80308,136.43658
0.0,0.0,0.0,17968.0,24381.0,河芸町,1,0,Mie Ken,34.78867,136.53517
15123.0,14752.0,14003.0,13048.0,24344.0,川越町,0,0,Mie Ken,35.0166666667,136.6666666667
11021.0,10560.0,9626.0,7114.0,24343.0,朝日町,0,0,Mie Ken,35.03425,136.66442
40559.0,40210.0,39978.0,38986.0,24341.0,菰野町,0,0,Mie Ken,35.0,136.5
25784.0,25344.0,25661.0,25897.0,24324.0,東員町,0,0,Mie Ken,35.0666666667,136.5833333333
6023.0,6357.0,6855.0,6965.0,24303.0,木曽岬町,0,0,Mie Ken,35.0666666667,136.7166666667
88766.0,90581.0,97207.0,100623.0,24216.0,伊賀市,0,0,Mie Ken,34.7666666667,136.1166666667
46057.0,50341.0,54694.0,58225.0,24215.0,志摩市,0,0,Mie Ken,34.3166666667,136.8166666667
44973.0,45815.0,45684.0,46446.0,24214.0,いなべ市,0,0,Mie Ken,35.1,136.55
0.0,0.0,0.0,42191.0,24213.0,久居市,1,0,Mie Ken,34.67486,136.46992
15965.0,17322.0,19662.0,19607.0,24212.0,熊野市,0,0,Mie Ken,33.8833333333,136.1
17525.0,19448.0,21435.0,23067.0,24211.0,鳥羽市,0,0,Mie Ken,34.4666666667,136.8333333333
49835.0,50254.0,51023.0,49253.0,24210.0,亀山市,0,0,Mie Ken,34.85,136.45
16252.0,18009.0,20033.0,22103.0,24209.0,尾鷲市,0,0,Mie Ken,34.0666666667,136.1833333333
76387.0,78795.0,80284.0,82156.0,24208.0,名張市,0,0,Mie Ken,34.6166666667,136.1
195670.0,196403.0,199293.0,193114.0,24207.0,鈴鹿市,0,0,Mie Ken,34.8666666667,136.5833333333
138613.0,140303.0,140290.0,138963.0,24205.0,桑名市,0,0,Mie Ken,35.05,136.6833333333
159145.0,163863.0,168017.0,168973.0,24204.0,松阪市,0,0,Mie Ken,34.5666666667,136.5166666667
122765.0,127817.0,130271.0,97777.0,24203.0,伊勢市,0,0,Mie Ken,34.4833333333,136.7
305424.0,311031.0,307766.0,303845.0,24202.0,四日市市,0,0,Mie Ken,34.95,136.6166666667
274537.0,279886.0,285746.0,165182.0,24201.0,津市,0,0,Mie Ken,34.7166666667,136.5
0.0,0.0,0.0,13456.0,23604.0,御津町,1,0,Aichi Ken,34.81689,137.31511
0.0,0.0,0.0,21881.0,23603.0,小坂井町,1,0,Aichi Ken,34.80114,137.35881
0.0,0.0,0.0,16450.0,23602.0,一宮町,1,0,Aichi Ken,34.85633,137.42322
0.0,0.0,0.0,8690.0,23601.0,音羽町,1,0,Aichi Ken,34.85903,137.30747
0.0,0.0,0.0,208.0,23564.0,富山村,1,0,Aichi Ken,35.235,137.185139
1017.0,1135.0,1336.0,1309.0,23563.0,豊根村,0,0,Aichi Ken,35.1333333333,137.7166666667
2942.0,3446.0,3757.0,4347.0,23562.0,東栄町,0,0,Aichi Ken,35.0666666667,137.6833333333
4437.0,5074.0,5769.0,6306.0,23561.0,設楽町,0,0,Aichi Ken,35.0833333333,137.5666666667
0.0,0.0,0.0,56252.0,23521.0,三好町,1,0,Aichi Ken,34.77886,136.90822
0.0,0.0,0.0,9103.0,23502.0,額田町,1,0,Aichi Ken,34.91919,137.29164
42449.0,39549.0,37930.0,35596.0,23501.0,幸田町,0,0,Aichi Ken,34.85,137.15
0.0,0.0,12352.0,12802.0,23483.0,幡豆町,1,0,Aichi Ken,34.79311,137.1258
0.0,0.0,22298.0,22041.0,23482.0,吉良町,1,0,Aichi Ken,34.80317,137.0675
0.0,0.0,23825.0,24068.0,23481.0,一色町,1,0,Aichi Ken,34.81253,137.02878
43535.0,42473.0,42408.0,40981.0,23447.0,武豊町,0,0,Aichi Ken,34.85,136.9
22496.0,23575.0,25178.0,26294.0,23446.0,美浜町,0,0,Aichi Ken,34.77886,136.90822
16617.0,18707.0,20549.0,21909.0,23445.0,南知多町,0,0,Aichi Ken,34.7,136.9166666667
49596.0,49230.0,49800.0,48046.0,23442.0,東浦町,0,0,Aichi Ken,34.9666666667,136.95
28383.0,27747.0,25466.0,24577.0,23441.0,阿久比町,0,0,Aichi Ken,34.9166666667,136.9
0.0,0.0,0.0,36957.0,23428.0,弥富町,1,0,Aichi Ken,35.11,136.72467
4575.0,4397.0,4525.0,4369.0,23427.0,飛島村,0,0,Aichi Ken,35.0666666667,136.7833333333
0.0,0.0,0.0,5618.0,23426.0,十四山村,1,0,Aichi Ken,35.10017,136.77414
37338.0,37085.0,36688.0,36750.0,23425.0,蟹江町,0,0,Aichi Ken,35.1166666667,136.7833333333
32399.0,30990.0,29891.0,28501.0,23424.0,大治町,0,0,Aichi Ken,35.1666666667,136.8166666667
0.0,0.0,0.0,38563.0,23423.0,甚目寺町,1,0,Aichi Ken,35.19908,136.82158
0.0,0.0,0.0,23875.0,23422.0,美和町,1,0,Aichi Ken,35.2005,136.78322
0.0,0.0,0.0,22869.0,23421.0,七宝町,1,0,Aichi Ken,35.17031,136.80083
34133.0,33806.0,33558.0,32535.0,23362.0,扶桑町,0,0,Aichi Ken,35.35,136.9
24305.0,23274.0,22446.0,21602.0,23361.0,大口町,0,0,Aichi Ken,35.3166666667,136.9
0.0,0.0,0.0,8320.0,23345.0,春日町,1,0,Aichi Ken,35.23747,136.84119
0.0,0.0,0.0,34190.0,23344.0,西春町,1,0,Aichi Ken,35.24567,136.86597
0.0,0.0,0.0,43888.0,23343.0,師勝町,1,0,Aichi Ken,35.25039,136.88617
15613.0,15177.0,14405.0,13565.0,23342.0,豊山町,0,0,Aichi Ken,35.25,136.9
0.0,0.0,52022.0,46493.0,23304.0,長久手町,1,0,Aichi Ken,35.18411,137.04872
43903.0,42858.0,41851.0,39384.0,23302.0,東郷町,0,0,Aichi Ken,35.0833333333,137.05
60162.0,57598.0,0.0,0.0,23238.0,長久手市,0,1,Aichi Ken,35.18333333333333,137.03333333333333
86126.0,86898.0,86714.0,0.0,23237.0,あま市,0,1,Aichi Ken,35.2,136.78333333333333
61952.0,61810.0,60098.0,0.0,23236.0,みよし市,0,1,Aichi Ken,35.083333333333336,137.06666666666666
43025.0,43269.0,43272.0,0.0,23235.0,弥富市,0,1,Aichi Ken,35.1,136.7166666667
86385.0,84133.0,81571.0,0.0,23234.0,北名古屋市,0,1,Aichi Ken,35.2333333333,136.85
67352.0,67327.0,65757.0,55038.0,23233.0,清須市,0,0,Aichi Ken,35.1833333333,136.85
60829.0,63088.0,64978.0,65556.0,23232.0,愛西市,0,0,Aichi Ken,35.15,136.7166666667
59360.0,62364.0,64119.0,66390.0,23231.0,田原市,0,0,Aichi Ken,34.6666666667,137.25
91520.0,87977.0,84237.0,78591.0,23230.0,日進市,0,0,Aichi Ken,35.1166666667,137.0333333333
69295.0,69127.0,69745.0,68285.0,23229.0,豊明市,0,0,Aichi Ken,35.05,137.0
47983.0,47562.0,47340.0,47926.0,23228.0,岩倉市,0,0,Aichi Ken,35.2666666667,136.8666666667
46106.0,46236.0,44027.0,41351.0,23227.0,高浜市,0,0,Aichi Ken,34.9166666667,136.9833333333
83144.0,80787.0,81140.0,78394.0,23226.0,尾張旭市,0,0,Aichi Ken,35.2,137.0333333333
72193.0,70501.0,68398.0,66085.0,23225.0,知立市,0,0,Aichi Ken,35.0,137.05
84364.0,84617.0,84768.0,83373.0,23224.0,知多市,0,0,Aichi Ken,34.9833333333,136.85
93123.0,89157.0,85249.0,80262.0,23223.0,大府市,0,0,Aichi Ken,35.0,136.95
113787.0,111944.0,107690.0,104339.0,23222.0,東海市,0,0,Aichi Ken,35.0166666667,136.9
44355.0,47133.0,49864.0,52178.0,23221.0,新城市,0,0,Aichi Ken,34.8833333333,137.4833333333
134751.0,136867.0,136442.0,136965.0,23220.0,稲沢市,0,0,Aichi Ken,35.2333333333,136.7666666667
148831.0,149462.0,147132.0,147182.0,23219.0,小牧市,0,0,Aichi Ken,35.2833333333,136.9
98255.0,98359.0,99730.0,99055.0,23217.0,江南市,0,0,Aichi Ken,35.3166666667,136.8666666667
58710.0,56547.0,54858.0,51265.0,23216.0,常滑市,0,0,Aichi Ken,34.8833333333,136.8166666667
73090.0,74308.0,75198.0,74294.0,23215.0,犬山市,0,0,Aichi Ken,35.3666666667,136.9333333333
79538.0,81100.0,82249.0,82108.0,23214.0,蒲郡市,0,0,Aichi Ken,34.8166666667,137.2166666667
169046.0,167990.0,106823.0,104321.0,23213.0,西尾市,0,0,Aichi Ken,34.85,137.05
187990.0,184140.0,178691.0,170250.0,23212.0,安城市,0,0,Aichi Ken,34.95,137.0666666667
422330.0,422542.0,421487.0,412141.0,23211.0,豊田市,0,0,Aichi Ken,35.0833333333,137.15
153834.0,149765.0,145781.0,142134.0,23210.0,刈谷市,0,0,Aichi Ken,34.9833333333,137.0
72458.0,71346.0,72018.0,71408.0,23209.0,碧南市,0,0,Aichi Ken,34.8833333333,136.9833333333
60942.0,63431.0,65258.0,65547.0,23208.0,津島市,0,0,Aichi Ken,35.1666666667,136.7333333333
184661.0,182436.0,181928.0,120967.0,23207.0,豊川市,0,0,Aichi Ken,34.8166666667,137.3666666667
308681.0,306508.0,305569.0,295802.0,23206.0,春日井市,0,0,Aichi Ken,35.2333333333,136.9666666667
117884.0,116908.0,118828.0,115845.0,23205.0,半田市,0,0,Aichi Ken,34.8833333333,136.9333333333
127792.0,129046.0,132224.0,131925.0,23204.0,瀬戸市,0,0,Aichi Ken,35.2166666667,137.0833333333
380073.0,380868.0,378566.0,371687.0,23203.0,一宮市,0,0,Aichi Ken,35.3,136.8
384654.0,381051.0,372357.0,354704.0,23202.0,岡崎市,0,0,Aichi Ken,34.95,137.1666666667
371920.0,374765.0,376665.0,372479.0,23201.0,豊橋市,0,0,Aichi Ken,34.7666666667,137.3833333333
2332176.0,2295638.0,2263894.0,2215062.0,23100.0,名古屋市,0,0,Aichi Ken,35.1666666667,136.9
0.0,0.0,0.0,16937.0,22503.0,新居町,1,0,Shizuoka Ken,34.68878,137.56139
17457.0,18528.0,19435.0,20273.0,22461.0,森町,0,0,Shizuoka Ken,34.83561,137.92706
6206.0,7192.0,8074.0,8988.0,22429.0,川根本町,0,0,Shizuoka Ken,35.0333333333,138.0666666667
0.0,0.0,0.0,6030.0,22426.0,川根町,1,0,Shizuoka Ken,34.94281,138.07725
28919.0,29093.0,29815.0,28648.0,22424.0,吉田町,0,0,Shizuoka Ken,34.7666666667,138.25
0.0,0.0,0.0,24989.0,22423.0,榛原町,1,0,Shizuoka Ken,34.74006,138.22464
0.0,0.0,0.0,25656.0,22422.0,相良町,1,0,Shizuoka Ken,34.68628,138.19867
0.0,0.0,0.0,22992.0,22402.0,大井川町,1,0,Shizuoka Ken,34.80372,138.28436
0.0,0.0,0.0,12696.0,22401.0,岡部町,1,0,Shizuoka Ken,34.91128,138.27994
0.0,0.0,0.0,9600.0,22383.0,由比町,1,0,Shizuoka Ken,35.10656,138.5618
0.0,0.0,0.0,12837.0,22382.0,蒲原町,1,0,Shizuoka Ken,35.11864,138.60003
0.0,0.0,0.0,16823.0,22381.0,富士川町,1,0,Shizuoka Ken,35.14931,138.61858
0.0,0.0,0.0,9697.0,22361.0,芝川町,1,0,Shizuoka Ken,35.199194,138.561972
18568.0,19497.0,20629.0,21478.0,22344.0,小山町,0,0,Shizuoka Ken,35.35,138.9833333333
43336.0,42331.0,40763.0,38716.0,22342.0,長泉町,0,0,Shizuoka Ken,35.1333333333,138.8833333333
31710.0,32118.0,32302.0,31961.0,22341.0,清水町,0,0,Shizuoka Ken,35.099,138.90286
36794.0,37661.0,38571.0,38803.0,22325.0,函南町,0,0,Shizuoka Ken,35.0833333333,138.9333333333
7090.0,8234.0,9469.0,10372.0,22306.0,西伊豆町,0,0,Shizuoka Ken,34.7666666667,138.7666666667
6038.0,6837.0,7653.0,8104.0,22305.0,松崎町,0,0,Shizuoka Ken,34.75,138.7666666667
7877.0,8524.0,9516.0,10003.0,22304.0,南伊豆町,0,0,Shizuoka Ken,34.65,138.85
6870.0,7303.0,7998.0,8303.0,22302.0,河津町,0,0,Shizuoka Ken,34.75,138.9833333333
11488.0,12624.0,14064.0,15165.0,22301.0,東伊豆町,0,0,Shizuoka Ken,34.7666666667,139.0333333333
43502.0,45547.0,49019.0,0.0,22226.0,牧之原市,0,1,Shizuoka Ken,34.7333333333,138.2166666667
46804.0,48152.0,49269.0,50011.0,22225.0,伊豆の国市,0,0,Shizuoka Ken,35.0166666667,138.9166666667
47789.0,46763.0,47041.0,47502.0,22224.0,菊川市,0,0,Shizuoka Ken,34.75,138.0833333333
31103.0,32578.0,34700.0,35272.0,22223.0,御前崎市,0,0,Shizuoka Ken,34.6333333333,138.1166666667
28190.0,31317.0,34202.0,36627.0,22222.0,伊豆市,0,0,Shizuoka Ken,34.9666666667,138.9333333333
57885.0,59789.0,60107.0,44057.0,22221.0,湖西市,0,0,Shizuoka Ken,34.7166666667,137.5166666667
50911.0,52737.0,54546.0,53062.0,22220.0,裾野市,0,0,Shizuoka Ken,35.1666666667,138.9
20183.0,22916.0,25013.0,26557.0,22219.0,下田市,0,0,Shizuoka Ken,34.6666666667,138.9333333333
87864.0,85789.0,84846.0,82991.0,22216.0,袋井市,0,0,Shizuoka Ken,34.75,137.9166666667
86614.0,88078.0,89030.0,85976.0,22215.0,御殿場市,0,0,Shizuoka Ken,35.3,138.9333333333
141342.0,143605.0,142151.0,129248.0,22214.0,藤枝市,0,0,Shizuoka Ken,34.8666666667,138.25
114954.0,114602.0,116363.0,117857.0,22213.0,掛川市,0,0,Shizuoka Ken,34.7666666667,137.9833333333
136845.0,139462.0,143249.0,120109.0,22212.0,焼津市,0,0,Shizuoka Ken,34.8666666667,138.3166666667
166672.0,167210.0,168625.0,170899.0,22211.0,磐田市,0,0,Shizuoka Ken,34.7166666667,137.85
245392.0,248399.0,254027.0,236474.0,22210.0,富士市,0,0,Shizuoka Ken,35.15,138.6666666667
95719.0,98112.0,100276.0,96078.0,22209.0,島田市,0,0,Shizuoka Ken,34.8333333333,138.1666666667
65491.0,68345.0,71437.0,72441.0,22208.0,伊東市,0,0,Shizuoka Ken,34.95,139.1
128105.0,130770.0,132001.0,121779.0,22207.0,富士宮市,0,0,Shizuoka Ken,35.2166666667,138.6166666667
107783.0,110046.0,111838.0,112241.0,22206.0,三島市,0,0,Shizuoka Ken,35.1166666667,138.9166666667
34208.0,37544.0,39611.0,41202.0,22205.0,熱海市,0,0,Shizuoka Ken,35.0833333333,139.0666666667
189386.0,195633.0,202304.0,208005.0,22203.0,沼津市,0,0,Shizuoka Ken,35.0833333333,138.85
790718.0,797980.0,800866.0,804032.0,22130.0,浜松市,0,0,Shizuoka Ken,34.7,137.7166666667
693389.0,704989.0,716197.0,700886.0,22100.0,静岡市,0,0,Shizuoka Ken,34.9666666667,138.3833333333
1511.0,1609.0,1733.0,1983.0,21604.0,白川村,0,0,Gifu Ken,36.2666666667,136.8833333333
0.0,0.0,0.0,11055.0,21541.0,笠原町,1,0,Gifu Ken,35.298956,137.160289
17516.0,18111.0,18824.0,19272.0,21521.0,御嵩町,0,0,Gifu Ken,35.4333333333,137.1166666667
2016.0,2261.0,2514.0,2854.0,21507.0,東白川村,0,0,Gifu Ken,35.6333333333,137.3166666667
7412.0,8392.0,9530.0,10545.0,21506.0,白川町,0,0,Gifu Ken,35.5666666667,137.1833333333
10195.0,11027.0,12045.0,12935.0,21505.0,八百津町,0,0,Gifu Ken,35.4666666667,137.1333333333
3402.0,3876.0,4484.0,4870.0,21504.0,七宗町,0,0,Gifu Ken,35.5333333333,137.1166666667
9860.0,10197.0,10593.0,10838.0,21503.0,川辺町,0,0,Gifu Ken,35.48656,137.07072
5626.0,5564.0,5516.0,5710.0,21502.0,富加町,0,0,Gifu Ken,35.4833333333,136.9666666667
8071.0,8202.0,8361.0,8552.0,21501.0,坂祝町,0,0,Gifu Ken,35.4166666667,136.9833333333
18139.0,18169.0,18395.0,17547.0,21421.0,北方町,0,0,Gifu Ken,35.4333333333,136.6833333333
23360.0,24347.0,24980.0,24559.0,21404.0,池田町,0,0,Gifu Ken,35.44225,136.57297
22041.0,23453.0,23859.0,23788.0,21403.0,大野町,0,0,Gifu Ken,35.47061,136.62756
19529.0,21503.0,23784.0,26192.0,21401.0,揖斐川町,0,0,Gifu Ken,35.4833333333,136.5666666667
0.0,0.0,0.0,4617.0,21384.0,墨俣町,1,0,Gifu Ken,35.35975,136.68178
14355.0,14752.0,15271.0,15263.0,21383.0,安八町,0,0,Gifu Ken,35.3333333333,136.65
9654.0,9973.0,10028.0,9419.0,21382.0,輪之内町,0,0,Gifu Ken,35.2833333333,136.6333333333
18585.0,19282.0,20065.0,20830.0,21381.0,神戸町,0,0,Gifu Ken,35.4166666667,136.6
6610.0,7419.0,8096.0,8618.0,21362.0,関ケ原町,0,0,Gifu Ken,35.35,136.4666666667
26402.0,27556.0,28505.0,28895.0,21361.0,垂井町,0,0,Gifu Ken,35.3666666667,136.5166666667
0.0,0.0,0.0,6423.0,21342.0,上石津町,1,0,Gifu Ken,35.28292,136.4725
26882.0,29029.0,31332.0,32550.0,21341.0,養老町,0,0,Gifu Ken,35.3,136.55
0.0,0.0,0.0,13436.0,21304.0,柳津町,1,0,Gifu Ken,35.366,136.738
22208.0,22750.0,22809.0,22696.0,21303.0,笠松町,0,0,Gifu Ken,35.3666666667,136.75
25881.0,24622.0,23804.0,22776.0,21302.0,岐南町,0,0,Gifu Ken,35.3833333333,136.7666666667
32735.0,35206.0,37941.0,39453.0,21221.0,海津市,0,0,Gifu Ken,35.2166666667,136.6333333333
30428.0,33585.0,36314.0,38494.0,21220.0,下呂市,0,0,Gifu Ken,35.8,137.2333333333
38997.0,42090.0,44491.0,47495.0,21219.0,郡上市,0,0,Gifu Ken,35.7333333333,136.95
32928.0,33995.0,35047.0,34603.0,21218.0,本巣市,0,0,Gifu Ken,35.4666666667,136.6666666667
22538.0,24696.0,26732.0,28902.0,21217.0,飛騨市,0,0,Gifu Ken,36.238139,137.186222
56388.0,54354.0,51950.0,50009.0,21216.0,瑞穂市,0,0,Gifu Ken,35.3833333333,136.6833333333
25280.0,27114.0,29629.0,30316.0,21215.0,山県市,0,0,Gifu Ken,35.5,136.7666666667
99968.0,98695.0,97436.0,97686.0,21214.0,可児市,0,0,Gifu Ken,35.4166666667,137.05
144521.0,144690.0,145604.0,144174.0,21213.0,各務原市,0,0,Gifu Ken,35.3833333333,136.8333333333
55348.0,57827.0,60475.0,62102.0,21212.0,土岐市,0,0,Gifu Ken,35.35,137.1833333333
56689.0,55384.0,54729.0,52133.0,21211.0,美濃加茂市,0,0,Gifu Ken,35.4333333333,137.0
47774.0,51073.0,53718.0,55761.0,21210.0,恵那市,0,0,Gifu Ken,35.4333333333,137.4
65649.0,67337.0,67197.0,66730.0,21209.0,羽島市,0,0,Gifu Ken,35.3166666667,136.7
37150.0,38730.0,40387.0,42065.0,21208.0,瑞浪市,0,0,Gifu Ken,35.35,137.25
19247.0,20760.0,22629.0,23390.0,21207.0,美濃市,0,0,Gifu Ken,35.5333333333,136.9
76570.0,78883.0,80910.0,84080.0,21206.0,中津川市,0,0,Gifu Ken,35.4833333333,137.5
85283.0,89153.0,91418.0,92597.0,21205.0,関市,0,0,Gifu Ken,35.4833333333,136.9166666667
106732.0,110441.0,112595.0,103821.0,21204.0,多治見市,0,0,Gifu Ken,35.3166666667,137.1166666667
84419.0,89182.0,92747.0,96231.0,21203.0,高山市,0,0,Gifu Ken,36.1333333333,137.25
158286.0,159879.0,161160.0,151030.0,21202.0,大垣市,0,0,Gifu Ken,35.35,136.6
402557.0,406735.0,413136.0,399931.0,21201.0,岐阜市,0,0,Gifu Ken,35.4166666667,136.75
1660.0,1953.0,2215.0,2488.0,20602.0,栄村,0,0,Nagano Ken,36.9833333333,138.5666666667
10296.0,11063.0,11865.0,12504.0,20590.0,飯綱町,0,0,Nagano Ken,36.75,138.2333333333
0.0,0.0,0.0,2525.0,20589.0,中条村,1,0,Nagano Ken,36.61222,138.03653
2215.0,2665.0,3041.0,3371.0,20588.0,小川村,0,0,Nagano Ken,36.6166666667,137.9666666667
7739.0,8469.0,9238.0,9927.0,20583.0,信濃町,0,0,Nagano Ken,36.8,138.2
0.0,0.0,0.0,5535.0,20581.0,信州新町,1,0,Nagano Ken,36.56725,138.006611
3279.0,3479.0,3853.0,4259.0,20563.0,野沢温泉村,0,0,Nagano Ken,36.9166666667,138.4333333333
4375.0,4658.0,4939.0,5312.0,20562.0,木島平村,0,0,Nagano Ken,36.85,138.4
11352.0,12429.0,13678.0,14704.0,20561.0,山ノ内町,0,0,Nagano Ken,36.7333333333,138.4
6617.0,7033.0,7563.0,7654.0,20543.0,高山村,0,0,Nagano Ken,36.67981,138.36328
10660.0,10702.0,11072.0,11477.0,20541.0,小布施町,0,0,Nagano Ken,36.6833333333,138.3
14004.0,14871.0,15730.0,16463.0,20521.0,坂城町,0,0,Nagano Ken,36.45,138.1666666667
2647.0,2904.0,3221.0,3920.0,20486.0,小谷村,0,0,Nagano Ken,36.7666666667,137.9
8575.0,8929.0,9205.0,9500.0,20485.0,白馬村,0,0,Nagano Ken,36.6833333333,137.85
0.0,0.0,0.0,1235.0,20484.0,美麻村,1,0,Nagano Ken,36.57328,137.89075
0.0,0.0,0.0,1112.0,20483.0,八坂村,1,0,Nagano Ken,36.48908,137.90936
9599.0,9948.0,10093.0,10072.0,20482.0,松川村,0,0,Nagano Ken,36.4166666667,137.85
9382.0,9926.0,10329.0,10630.0,20481.0,池田町,0,0,Nagano Ken,36.42122,137.87458
4149.0,4730.0,5172.0,0.0,20452.0,筑北村,0,1,Nagano Ken,36.4166666667,138.0
4279.0,4462.0,4741.0,4875.0,20451.0,朝日村,0,0,Nagano Ken,36.12931,137.86719
8400.0,8395.0,8425.0,8195.0,20450.0,山形村,0,0,Nagano Ken,36.1666666667,137.8666666667
0.0,0.0,0.0,14914.0,20449.0,波田町,1,0,Nagano Ken,36.2069,137.85603
1639.0,1843.0,1953.0,2160.0,20448.0,生坂村,0,0,Nagano Ken,36.4166666667,137.9166666667
0.0,0.0,0.0,1515.0,20447.0,坂井村,1,0,Nagano Ken,36.44964,138.06814
2593.0,2788.0,2970.0,3204.0,20446.0,麻績村,0,0,Nagano Ken,36.45,138.0333333333
0.0,0.0,0.0,2111.0,20445.0,坂北村,1,0,Nagano Ken,36.42636,138.01517
0.0,0.0,0.0,2076.0,20444.0,本城村,1,0,Nagano Ken,36.40261,138.01197
10584.0,11826.0,12743.0,0.0,20432.0,木曽町,0,1,Nagano Ken,35.8333333333,137.6833333333
3439.0,3825.0,4145.0,4457.0,20430.0,大桑村,0,0,Nagano Ken,35.6666666667,137.65
715.0,839.0,965.0,1097.0,20429.0,王滝村,0,0,Nagano Ken,35.8,137.55
0.0,0.0,0.0,1799.0,20428.0,三岳村,1,0,Nagano Ken,35.84169,137.62625
0.0,0.0,0.0,1922.0,20427.0,開田村,1,0,Nagano Ken,35.94086,137.60058
0.0,0.0,0.0,2580.0,20426.0,日義村,1,0,Nagano Ken,35.87758,137.75536
2692.0,2926.0,3134.0,3361.0,20425.0,木祖村,0,0,Nagano Ken,35.9333333333,137.7666666667
3915.0,4313.0,4810.0,5238.0,20423.0,南木曽町,0,0,Nagano Ken,35.6,137.6
4131.0,4670.0,5245.0,5770.0,20422.0,上松町,0,0,Nagano Ken,35.7833333333,137.6833333333
0.0,0.0,0.0,7599.0,20421.0,木曽福島町,1,0,Nagano Ken,35.84964,137.69839
1023.0,1023.0,1160.0,1356.0,20417.0,大鹿村,0,0,Nagano Ken,35.5666666667,138.0333333333
6426.0,6592.0,6819.0,7068.0,20416.0,豊丘村,0,0,Nagano Ken,35.55,137.8833333333
5973.0,6310.0,6692.0,6912.0,20415.0,喬木村,0,0,Nagano Ken,35.5,137.8666666667
1542.0,1702.0,1910.0,2062.0,20414.0,泰阜村,0,0,Nagano Ken,35.3666666667,137.8333333333
1178.0,1365.0,1657.0,2002.0,20413.0,天龍村,0,0,Nagano Ken,35.2666666667,137.85
548.0,575.0,656.0,735.0,20412.0,売木村,0,0,Nagano Ken,35.2666666667,137.7
3545.0,3851.0,4200.0,4210.0,20411.0,下條村,0,0,Nagano Ken,35.3833333333,137.7833333333
852.0,970.0,1129.0,1253.0,20410.0,根羽村,0,0,Nagano Ken,35.25,137.5666666667
387.0,484.0,563.0,688.0,20409.0,平谷村,0,0,Nagano Ken,35.3166666667,137.6166666667
0.0,0.0,0.0,768.0,20408.0,浪合村,1,0,Nagano Ken,35.37422,137.69044
6068.0,6538.0,7036.0,6003.0,20407.0,阿智村,0,0,Nagano Ken,35.4333333333,137.7333333333
0.0,0.0,0.0,777.0,20406.0,清内路村,1,0,Nagano Ken,35.48964,137.70225
4299.0,4962.0,5455.0,5972.0,20404.0,阿南町,0,0,Nagano Ken,35.3166666667,137.8
12811.0,13080.0,13216.0,12976.0,20403.0,高森町,0,0,Nagano Ken,35.55,137.8666666667
12530.0,13167.0,13676.0,14117.0,20402.0,松川町,0,0,Nagano Ken,35.5833333333,137.9
8569.0,8821.0,8974.0,8968.0,20388.0,宮田村,0,0,Nagano Ken,35.7666666667,137.9333333333
0.0,0.0,0.0,2099.0,20387.0,長谷村,1,0,Nagano Ken,35.79219,138.0843
4651.0,4850.0,5074.0,5263.0,20386.0,中川村,0,0,Nagano Ken,35.6333333333,137.9333333333
15797.0,15063.0,14543.0,13620.0,20385.0,南箕輪村,0,0,Nagano Ken,35.8666666667,137.9666666667
9004.0,9530.0,9902.0,10570.0,20384.0,飯島町,0,0,Nagano Ken,35.6666666667,137.9166666667
24989.0,25241.0,26214.0,26276.0,20383.0,箕輪町,0,0,Nagano Ken,35.9,137.9666666667
18555.0,19770.0,20909.0,21801.0,20382.0,辰野町,0,0,Nagano Ken,35.9666666667,137.9833333333
0.0,0.0,0.0,6820.0,20381.0,高遠町,1,0,Nagano Ken,35.8375,138.05808
7680.0,7566.0,7573.0,7456.0,20363.0,原村,0,0,Nagano Ken,35.95,138.2166666667
14084.0,14493.0,15338.0,15528.0,20362.0,富士見町,0,0,Nagano Ken,35.9,138.2333333333
19155.0,20236.0,21532.0,22863.0,20361.0,下諏訪町,0,0,Nagano Ken,36.0666666667,138.0666666667
5600.0,6166.0,6780.0,7304.0,20350.0,長和町,0,0,Nagano Ken,36.25,138.2666666667
4121.0,4343.0,4609.0,4774.0,20349.0,青木村,0,0,Nagano Ken,36.3666666667,138.1166666667
0.0,0.0,0.0,4120.0,20346.0,武石村,1,0,Nagano Ken,36.2835,138.23044
0.0,0.0,0.0,11310.0,20345.0,真田町,1,0,Nagano Ken,36.44089,138.30361
0.0,0.0,0.0,24541.0,20341.0,丸子町,1,0,Nagano Ken,36.3236,138.2704
6612.0,7265.0,7707.0,8237.0,20324.0,立科町,0,0,Nagano Ken,36.2666666667,138.3
15555.0,15184.0,14738.0,14124.0,20323.0,御代田町,0,0,Nagano Ken,36.3166666667,138.5
19188.0,18994.0,19018.0,17144.0,20321.0,軽井沢町,0,0,Nagano Ken,36.3333333333,138.5833333333
10218.0,11186.0,12069.0,12980.0,20309.0,佐久穂町,0,0,Nagano Ken,36.15,138.4833333333
752.0,774.0,842.0,942.0,20307.0,北相木村,0,0,Nagano Ken,36.05,138.55
962.0,1005.0,1121.0,1151.0,20306.0,南相木村,0,0,Nagano Ken,36.0333333333,138.5333333333
3242.0,3408.0,3528.0,3494.0,20305.0,南牧村,0,0,Nagano Ken,36.0283,138.49214
4344.0,4607.0,4972.0,4759.0,20304.0,川上村,0,0,Nagano Ken,35.9666666667,138.5666666667
4353.0,4713.0,5180.0,5663.0,20303.0,小海町,0,0,Nagano Ken,36.0833333333,138.4666666667
94222.0,95282.0,96479.0,96266.0,20220.0,安曇野市,0,0,Nagano Ken,36.3,137.8833333333
30122.0,30107.0,30696.0,31271.0,20219.0,東御市,0,0,Nagano Ken,36.35,138.3166666667
58852.0,60298.0,62068.0,64022.0,20218.0,千曲市,0,0,Nagano Ken,36.5333333333,138.1166666667
98199.0,99368.0,100552.0,100462.0,20217.0,佐久市,0,0,Nagano Ken,36.2333333333,138.4666666667
67241.0,67135.0,67670.0,68346.0,20215.0,塩尻市,0,0,Nagano Ken,36.1,137.95
56400.0,55912.0,56391.0,57099.0,20214.0,茅野市,0,0,Nagano Ken,35.9833333333,138.15
19539.0,21438.0,23545.0,24960.0,20213.0,飯山市,0,0,Nagano Ken,36.85,138.35
26029.0,28041.0,29801.0,29798.0,20212.0,大町市,0,0,Nagano Ken,36.5,137.85
42338.0,43909.0,45638.0,46788.0,20211.0,中野市,0,0,Nagano Ken,36.7333333333,138.3666666667
32202.0,32759.0,33693.0,34417.0,20210.0,駒ヶ根市,0,0,Nagano Ken,35.7166666667,137.9333333333
66125.0,68271.0,71093.0,62869.0,20209.0,伊那市,0,0,Nagano Ken,35.8166666667,137.95
40991.0,42512.0,43997.0,45499.0,20208.0,小諸市,0,0,Nagano Ken,36.3166666667,138.4166666667
49559.0,50725.0,52168.0,53668.0,20207.0,須坂市,0,0,Nagano Ken,36.65,138.3
48729.0,50140.0,51200.0,53240.0,20206.0,諏訪市,0,0,Nagano Ken,36.0333333333,138.1
98164.0,101581.0,105335.0,108624.0,20205.0,飯田市,0,0,Nagano Ken,35.5,137.8166666667
47790.0,50128.0,52841.0,54699.0,20204.0,岡谷市,0,0,Nagano Ken,36.0666666667,138.0333333333
154055.0,156827.0,159597.0,123680.0,20203.0,上田市,0,0,Nagano Ken,36.4,138.2333333333
241145.0,243293.0,243037.0,227627.0,20202.0,松本市,0,0,Nagano Ken,36.2333333333,137.9666666667
372760.0,377598.0,381511.0,378512.0,20201.0,長野市,0,0,Nagano Ken,36.6333333333,138.1833333333
530.0,563.0,685.0,780.0,19443.0,丹波山村,0,0,Yamanashi Ken,35.7833333333,138.9166666667
684.0,726.0,816.0,1018.0,19442.0,小菅村,0,0,Yamanashi Ken,35.75,138.9333333333
26082.0,25329.0,25471.0,23943.0,19430.0,富士河口湖町,0,0,Yamanashi Ken,35.5,138.75
2824.0,2921.0,2964.0,2958.0,19429.0,鳴沢村,0,0,Yamanashi Ken,35.4666666667,138.7
5179.0,5208.0,5324.0,5440.0,19425.0,山中湖村,0,0,Yamanashi Ken,35.4,138.85
9237.0,8968.0,8635.0,8490.0,19424.0,忍野村,0,0,Yamanashi Ken,35.45,138.8333333333
4041.0,4342.0,4541.0,4850.0,19423.0,西桂町,0,0,Yamanashi Ken,35.5166666667,138.8333333333
1607.0,1743.0,1919.0,2051.0,19422.0,道志村,0,0,Yamanashi Ken,35.5166666667,139.0333333333
0.0,0.0,0.0,5975.0,19407.0,小淵沢町,1,0,Yamanashi Ken,35.86244,138.31894
0.0,0.0,0.0,17267.0,19385.0,田富町,1,0,Yamanashi Ken,35.59964,138.51728
20909.0,19505.0,17653.0,16764.0,19384.0,昭和町,0,0,Yamanashi Ken,35.6166666667,138.5333333333
0.0,0.0,0.0,10787.0,19383.0,玉穂町,1,0,Yamanashi Ken,35.60247,138.54417
14219.0,15294.0,16307.0,0.0,19368.0,富士川町,0,1,Yamanashi Ken,35.561111,138.461389
7156.0,8067.0,9011.0,10254.0,19366.0,南部町,0,0,Yamanashi Ken,35.24233,138.48606
10663.0,12669.0,14462.0,16334.0,19365.0,身延町,0,0,Yamanashi Ken,35.4666666667,138.4333333333
1098.0,1068.0,1246.0,1534.0,19364.0,早川町,0,0,Yamanashi Ken,35.4,138.35
0.0,0.0,0.0,4294.0,19362.0,鰍沢町,1,0,Yamanashi Ken,35.54664,138.45989
0.0,0.0,0.0,13111.0,19361.0,増穂町,1,0,Yamanashi Ken,35.56117,138.46131
14700.0,15673.0,17111.0,17939.0,19346.0,市川三郷町,0,0,Yamanashi Ken,35.55,138.5
0.0,0.0,0.0,1521.0,19341.0,上九一色村,1,0,Yamanashi Ken,35.476902,138.607557
0.0,0.0,0.0,3596.0,19328.0,豊富村,1,0,Yamanashi Ken,35.57181,138.55744
0.0,0.0,0.0,521.0,19327.0,芦川村,1,0,Yamanashi Ken,35.55342,138.66508
0.0,0.0,0.0,5505.0,19326.0,中道町,1,0,Yamanashi Ken,35.58922,138.57786
0.0,0.0,0.0,1496.0,19305.0,大和村,1,0,Yamanashi Ken,35.63869,138.77856
0.0,0.0,0.0,9199.0,19304.0,勝沼町,1,0,Yamanashi Ken,35.66564,138.72356
31216.0,31124.0,31322.0,0.0,19214.0,中央市,0,1,Yamanashi Ken,35.5833333333,138.5166666667
29237.0,31671.0,33927.0,0.0,19213.0,甲州市,0,1,Yamanashi Ken,35.7,138.7166666667
22669.0,24805.0,27114.0,28986.0,19212.0,上野原市,0,0,Yamanashi Ken,35.6166666667,139.1
66947.0,69559.0,70529.0,71190.0,19211.0,笛吹市,0,0,Yamanashi Ken,35.6333333333,138.6333333333
75313.0,74386.0,73807.0,74062.0,19210.0,甲斐市,0,0,Yamanashi Ken,35.63869,138.77856
44053.0,45111.0,46968.0,42169.0,19209.0,北杜市,0,0,Yamanashi Ken,35.7666666667,138.4166666667
69459.0,70828.0,72635.0,72055.0,19208.0,南アルプス市,0,0,Yamanashi Ken,35.6,138.45
29067.0,30680.0,32477.0,33801.0,19207.0,韮崎市,0,0,Yamanashi Ken,35.7,138.4333333333
22512.0,25419.0,28120.0,30879.0,19206.0,大月市,0,0,Yamanashi Ken,35.6,138.9333333333
33435.0,35141.0,36832.0,38686.0,19205.0,山梨市,0,0,Yamanashi Ken,35.6833333333,138.6833333333
31016.0,32002.0,33588.0,35017.0,19204.0,都留市,0,0,Yamanashi Ken,35.55,138.9
0.0,0.0,0.0,25227.0,19203.0,塩山市,1,0,Yamanashi Ken,35.70536,138.72956
46530.0,49003.0,50619.0,52572.0,19202.0,富士吉田市,0,0,Yamanashi Ken,35.4833333333,138.8
189591.0,193125.0,198992.0,194244.0,19201.0,甲府市,0,0,Yamanashi Ken,35.65,138.5666666667
14003.0,15257.0,16099.0,16780.0,18501.0,若狭町,0,0,Fukui Ken,35.5333333333,135.9
7910.0,8325.0,8580.0,0.0,18483.0,おおい町,0,1,Fukui Ken,35.4666666667,135.6166666667
0.0,0.0,0.0,6470.0,18482.0,大飯町,1,0,Fukui Ken,35.48114,135.61789
10326.0,10596.0,11062.0,11630.0,18481.0,高浜町,0,0,Fukui Ken,35.4833333333,135.55
0.0,0.0,0.0,2747.0,18462.0,名田庄村,1,0,Fukui Ken,35.40003,135.68211
9179.0,9914.0,10563.0,11023.0,18442.0,美浜町,0,0,Fukui Ken,35.60061,135.94058
0.0,0.0,0.0,10353.0,18426.0,清水町,1,0,Fukui Ken,36.03236,136.13606
0.0,0.0,0.0,1629.0,18424.0,越廼村,1,0,Fukui Ken,36.03903,136.01283
20118.0,21538.0,23160.0,23995.0,18423.0,越前町,0,0,Fukui Ken,35.9666666667,136.1166666667
10002.0,10799.0,11551.0,12274.0,18404.0,南越前町,0,0,Fukui Ken,35.8333333333,136.1833333333
2423.0,2638.0,3046.0,3405.0,18382.0,池田町,0,0,Fukui Ken,35.89028,136.34414
0.0,0.0,0.0,12953.0,18366.0,坂井町,1,0,Fukui Ken,36.16692,136.23128
0.0,0.0,0.0,23968.0,18365.0,春江町,1,0,Fukui Ken,36.13369,136.2195
0.0,0.0,0.0,32461.0,18364.0,丸岡町,1,0,Fukui Ken,36.149022,136.267061
0.0,0.0,0.0,22936.0,18361.0,三国町,1,0,Fukui Ken,36.21761,136.15756
0.0,0.0,0.0,669.0,18342.0,和泉村,1,0,Fukui Ken,35.90536,136.6689
0.0,0.0,0.0,3414.0,18323.0,上志比村,1,0,Fukui Ken,36.07817,136.39742
18965.0,19883.0,20647.0,6385.0,18322.0,永平寺町,0,0,Fukui Ken,36.0833333333,136.2833333333
0.0,0.0,0.0,10965.0,18321.0,松岡町,1,0,Fukui Ken,36.09225,136.29883
0.0,0.0,0.0,4942.0,18302.0,美山町,1,0,Fukui Ken,35.9872,136.36061
88481.0,90280.0,91900.0,0.0,18210.0,坂井市,0,1,Fukui Ken,36.1666666667,136.2166666667
80611.0,81524.0,85614.0,87742.0,18209.0,越前市,0,0,Fukui Ken,35.9,136.1666666667
27524.0,28729.0,29989.0,31081.0,18208.0,あわら市,0,0,Fukui Ken,36.2,136.2166666667
68302.0,68284.0,67450.0,66831.0,18207.0,鯖江市,0,0,Fukui Ken,35.95,136.1833333333
22150.0,24125.0,25466.0,26961.0,18206.0,勝山市,0,0,Fukui Ken,36.05,136.5
31286.0,33109.0,35291.0,37174.0,18205.0,大野市,0,0,Fukui Ken,35.9666666667,136.4833333333
28991.0,29670.0,31340.0,32182.0,18204.0,小浜市,0,0,Fukui Ken,35.4833333333,135.7333333333
64264.0,66165.0,67760.0,68402.0,18202.0,敦賀市,0,0,Fukui Ken,35.6333333333,136.05
262328.0,265904.0,266796.0,252220.0,18201.0,福井市,0,0,Fukui Ken,36.05,136.2166666667
15687.0,17568.0,19565.0,21792.0,17463.0,能登町,0,0,Ishikawa Ken,37.3,137.15
0.0,0.0,0.0,7522.0,17462.0,門前町,1,0,Ishikawa Ken,37.28739,136.76803
7890.0,8786.0,9735.0,10549.0,17461.0,穴水町,0,0,Ishikawa Ken,37.2166666667,136.9
16540.0,17571.0,18535.0,18959.0,17407.0,中能登町,0,0,Ishikawa Ken,36.9833333333,136.9
12121.0,13174.0,14277.0,15236.0,17386.0,宝達志水町,0,0,Ishikawa Ken,36.85,136.7833333333
18630.0,20422.0,22216.0,23790.0,17384.0,志賀町,0,0,Ishikawa Ken,37.0,136.7666666667
26574.0,26987.0,26927.0,26896.0,17365.0,内灘町,0,0,Ishikawa Ken,36.65,136.6333333333
36957.0,36968.0,36940.0,35712.0,17361.0,津幡町,0,0,Ishikawa Ken,36.6666666667,136.7166666667
0.0,0.0,51885.0,47977.0,17344.0,野々市町,1,0,Ishikawa Ken,36.51942,136.60978
6135.0,6347.0,6147.0,5677.0,17324.0,川北町,0,0,Ishikawa Ken,36.4666666667,136.5333333333
57238.0,55099.0,0.0,0.0,17212.0,野々市市,0,1,Ishikawa Ken,36.516666666666666,136.61666666666667
48523.0,48881.0,48680.0,47207.0,17211.0,能美市,0,0,Ishikawa Ken,36.4333333333,136.4833333333
110408.0,109287.0,110459.0,109450.0,17210.0,白山市,0,0,Ishikawa Ken,36.5,136.55
34889.0,34219.0,34651.0,34847.0,17209.0,かほく市,0,0,Ishikawa Ken,36.7166666667,136.7
20407.0,21729.0,23032.0,24517.0,17207.0,羽咋市,0,0,Ishikawa Ken,36.8833333333,136.7666666667
63220.0,67186.0,71887.0,74982.0,17206.0,加賀市,0,0,Ishikawa Ken,36.3,136.3
12929.0,14625.0,16300.0,18050.0,17205.0,珠洲市,0,0,Ishikawa Ken,37.4333333333,137.25
24608.0,27216.0,29858.0,25301.0,17204.0,輪島市,0,0,Ishikawa Ken,37.3833333333,136.8833333333
106216.0,106919.0,108433.0,109084.0,17203.0,小松市,0,0,Ishikawa Ken,36.4,136.4333333333
50300.0,55325.0,57900.0,61871.0,17202.0,七尾市,0,0,Ishikawa Ken,37.0333333333,136.9666666667
463254.0,465699.0,462361.0,454607.0,17201.0,金沢市,0,0,Ishikawa Ken,36.55,136.65
0.0,0.0,0.0,13544.0,16422.0,福岡町,1,0,Toyama Ken,36.70764,136.92383
0.0,0.0,0.0,10305.0,16384.0,大島町,1,0,Toyama Ken,36.73267,137.06311
0.0,0.0,0.0,2019.0,16383.0,下村,1,0,Toyama Ken,36.74072,137.14856
0.0,0.0,0.0,12390.0,16382.0,大門町,1,0,Toyama Ken,36.72242,137.04861
0.0,0.0,0.0,32948.0,16381.0,小杉町,1,0,Toyama Ken,36.71222,137.09956
11081.0,12246.0,13651.0,14700.0,16343.0,朝日町,0,0,Toyama Ken,36.94617,137.55994
23839.0,25335.0,27182.0,28005.0,16342.0,入善町,0,0,Toyama Ken,36.9333333333,137.5
0.0,0.0,0.0,6151.0,16341.0,宇奈月町,1,0,Toyama Ken,36.85725,137.55531
24792.0,26317.0,27466.0,28011.0,16323.0,立山町,0,0,Toyama Ken,36.65,137.3
19351.0,20930.0,21965.0,23039.0,16322.0,上市町,0,0,Toyama Ken,36.6833333333,137.35
3132.0,2982.0,2967.0,2673.0,16321.0,舟橋村,0,0,Toyama Ken,36.7,137.3
90742.0,92308.0,93588.0,0.0,16211.0,射水市,0,1,Toyama Ken,36.7,137.0833333333
47937.0,51327.0,54724.0,58140.0,16210.0,南砺市,0,0,Toyama Ken,36.5833333333,136.9166666667
28983.0,30399.0,32067.0,33533.0,16209.0,小矢部市,0,0,Toyama Ken,36.6666666667,136.8666666667
48154.0,49000.0,49410.0,49429.0,16208.0,砺波市,0,0,Toyama Ken,36.6333333333,136.95
39638.0,40991.0,41852.0,36543.0,16207.0,黒部市,0,0,Toyama Ken,36.8666666667,137.4333333333
32349.0,32755.0,33676.0,34002.0,16206.0,滑川市,0,0,Toyama Ken,36.75,137.3333333333
43950.0,47992.0,51726.0,54495.0,16205.0,氷見市,0,0,Toyama Ken,36.85,136.9833333333
40535.0,42935.0,44959.0,46331.0,16204.0,魚津市,0,0,Toyama Ken,36.8166666667,137.4
0.0,0.0,0.0,36547.0,16203.0,新湊市,1,0,Toyama Ken,36.78247,137.07953
166393.0,172125.0,176061.0,167685.0,16202.0,高岡市,0,0,Toyama Ken,36.75,137.0166666667
413938.0,418686.0,421953.0,421239.0,16201.0,富山市,0,0,Toyama Ken,36.6833333333,137.2
353.0,370.0,366.0,438.0,15586.0,粟島浦村,0,0,Niigata Ken,38.4666666667,139.25
0.0,0.0,0.0,7291.0,15585.0,山北町,1,0,Niigata Ken,38.5145,139.53406
0.0,0.0,0.0,11489.0,15584.0,朝日村,1,0,Niigata Ken,38.26844,139.53853
0.0,0.0,0.0,10135.0,15583.0,神林村,1,0,Niigata Ken,38.18283,139.45644
0.0,0.0,0.0,11105.0,15582.0,荒川町,1,0,Niigata Ken,38.12406,139.44383
5144.0,5832.0,6438.0,7019.0,15581.0,関川村,0,0,Niigata Ken,38.0833333333,139.55
4380.0,4775.0,4800.0,4806.0,15504.0,刈羽村,0,0,Niigata Ken,37.4166666667,138.6166666667
8989.0,10029.0,10881.0,11719.0,15482.0,津南町,0,0,Niigata Ken,37.0,138.65
7767.0,8046.0,8396.0,8713.0,15461.0,湯沢町,0,0,Niigata Ken,36.9333333333,138.8166666667
0.0,0.0,0.0,5233.0,15441.0,川口町,1,0,Niigata Ken,37.27036,138.86117
0.0,0.0,0.0,11636.0,15406.0,寺泊町,1,0,Niigata Ken,37.64497,138.77022
4113.0,4528.0,4907.0,5338.0,15405.0,出雲崎町,0,0,Niigata Ken,37.5166666667,138.7
0.0,0.0,0.0,4803.0,15404.0,和島村,1,0,Niigata Ken,37.57544,138.77217
0.0,0.0,0.0,7273.0,15403.0,与板町,1,0,Niigata Ken,37.54078,138.8095
9965.0,11680.0,13303.0,14703.0,15385.0,阿賀町,0,0,Niigata Ken,37.6666666667,139.45
11227.0,12188.0,12791.0,13363.0,15361.0,田上町,0,0,Niigata Ken,37.6833333333,139.05
0.0,0.0,0.0,28713.0,15345.0,巻町,1,0,Niigata Ken,37.76033,138.88925
0.0,0.0,0.0,24893.0,15344.0,吉田町,1,0,Niigata Ken,37.68569,138.87961
0.0,0.0,0.0,15121.0,15343.0,分水町,1,0,Niigata Ken,37.62647,138.83961
7705.0,8209.0,8582.0,8545.0,15342.0,弥彦村,0,0,Niigata Ken,37.6833333333,138.85
0.0,0.0,0.0,19680.0,15322.0,村松町,1,0,Niigata Ken,37.69347,139.17453
14259.0,14040.0,13724.0,13497.0,15307.0,聖籠町,0,0,Niigata Ken,37.9666666667,139.2666666667
28509.0,30198.0,31424.0,32813.0,15227.0,胎内市,0,0,Niigata Ken,38.05,139.4
54851.0,58568.0,61624.0,63329.0,15226.0,南魚沼市,0,0,Niigata Ken,37.05,138.8666666667
34483.0,37352.0,40361.0,43555.0,15225.0,魚沼市,0,0,Niigata Ken,37.2166666667,138.95
51492.0,57255.0,62727.0,67386.0,15224.0,佐渡市,0,0,Niigata Ken,38.0166666667,138.3666666667
40696.0,43415.0,45560.0,47043.0,15223.0,阿賀野市,0,0,Niigata Ken,37.8333333333,139.2166666667
188047.0,196987.0,203899.0,208082.0,15222.0,上越市,0,0,Niigata Ken,37.1333333333,138.2333333333
47625.0,51404.0,54550.0,37282.0,15218.0,五泉市,0,0,Niigata Ken,37.7333333333,139.1666666667
30383.0,33199.0,35457.0,37831.0,15217.0,妙高市,0,0,Niigata Ken,37.0166666667,138.25
40765.0,44162.0,47702.0,49844.0,15216.0,糸魚川市,0,0,Niigata Ken,37.0333333333,137.85
0.0,0.0,0.0,23168.0,15215.0,栃尾市,1,0,Niigata Ken,37.48039,138.99264
77201.0,79784.0,81876.0,43255.0,15213.0,燕市,0,0,Niigata Ken,37.6833333333,138.8666666667
57418.0,62442.0,66427.0,30685.0,15212.0,村上市,0,0,Niigata Ken,38.2166666667,139.4666666667
39237.0,40608.0,41862.0,42668.0,15211.0,見附市,0,0,Niigata Ken,37.5166666667,138.9
49820.0,54917.0,58911.0,62058.0,15210.0,十日町市,0,0,Niigata Ken,37.1166666667,138.75
25441.0,27852.0,29762.0,31482.0,15209.0,加茂市,0,0,Niigata Ken,37.65,139.0333333333
34096.0,36498.0,38600.0,39956.0,15208.0,小千谷市,0,0,Niigata Ken,37.3,138.7833333333
94927.0,98611.0,101202.0,104634.0,15206.0,新発田市,0,0,Niigata Ken,37.95,139.3166666667
81526.0,86833.0,91451.0,94648.0,15205.0,柏崎市,0,0,Niigata Ken,37.3666666667,138.55
94642.0,99192.0,102292.0,104749.0,15204.0,三条市,0,0,Niigata Ken,37.6333333333,138.95
266936.0,275133.0,282674.0,236344.0,15202.0,長岡市,0,0,Niigata Ken,37.4333333333,138.8333333333
789275.0,810157.0,811901.0,785134.0,15100.0,新潟市,0,0,Niigata Ken,37.9,139.0333333333
0.0,0.0,0.0,10823.0,14424.0,藤野町,1,0,Kanagawa Ken,35.61508,139.15517
0.0,0.0,0.0,10347.0,14423.0,相模湖町,1,0,Kanagawa Ken,35.61456,139.18894
0.0,0.0,0.0,28695.0,14422.0,津久井町,1,0,Kanagawa Ken,35.58647,139.2565
0.0,0.0,0.0,23067.0,14421.0,城山町,1,0,Kanagawa Ken,35.59569,139.30267
3038.0,3214.0,3459.0,3507.0,14402.0,清川村,0,0,Kanagawa Ken,35.4666666667,139.2666666667
39869.0,40343.0,42089.0,42045.0,14401.0,愛川町,0,0,Kanagawa Ken,35.5166666667,139.3166666667
23426.0,25026.0,26848.0,27430.0,14384.0,湯河原町,0,0,Kanagawa Ken,35.1333333333,139.1
6722.0,7333.0,8212.0,8714.0,14383.0,真鶴町,0,0,Kanagawa Ken,35.15,139.1333333333
11293.0,11786.0,13853.0,14206.0,14382.0,箱根町,0,0,Kanagawa Ken,35.2166666667,139.1
18329.0,17013.0,16369.0,15123.0,14366.0,開成町,0,0,Kanagawa Ken,35.3333333333,139.1166666667
9761.0,10724.0,11764.0,12655.0,14364.0,山北町,0,0,Kanagawa Ken,35.36058,139.08383
10836.0,11171.0,11676.0,12399.0,14363.0,松田町,0,0,Kanagawa Ken,35.3333333333,139.1333333333
17129.0,17033.0,17972.0,17530.0,14362.0,大井町,0,0,Kanagawa Ken,35.3166666667,139.15
9300.0,9679.0,10010.0,10173.0,14361.0,中井町,0,0,Kanagawa Ken,35.3166666667,139.2166666667
27564.0,28378.0,29522.0,30247.0,14342.0,二宮町,0,0,Kanagawa Ken,35.299528,139.255528
31634.0,31550.0,33032.0,32590.0,14341.0,大磯町,0,0,Kanagawa Ken,35.3,139.3
48348.0,47936.0,47672.0,47457.0,14321.0,寒川町,0,0,Kanagawa Ken,35.3666666667,139.3833333333
31665.0,32096.0,32766.0,31531.0,14301.0,葉山町,0,0,Kanagawa Ken,35.2666666667,139.5833333333
83913.0,84460.0,83167.0,81767.0,14218.0,綾瀬市,0,0,Kanagawa Ken,35.4333333333,139.4166666667
40841.0,43306.0,44020.0,44134.0,14217.0,南足柄市,0,0,Kanagawa Ken,35.3166666667,139.1
132325.0,128737.0,129436.0,128174.0,14216.0,座間市,0,0,Kanagawa Ken,35.4833333333,139.4
136516.0,130190.0,127707.0,123764.0,14215.0,海老名市,0,0,Kanagawa Ken,35.4333333333,139.3833333333
101780.0,101514.0,101039.0,100579.0,14214.0,伊勢原市,0,0,Kanagawa Ken,35.4,139.3
239169.0,232922.0,228186.0,221220.0,14213.0,大和市,0,0,Kanagawa Ken,35.4833333333,139.45
223705.0,225714.0,224420.0,222403.0,14212.0,厚木市,0,0,Kanagawa Ken,35.4333333333,139.35
162439.0,167378.0,170145.0,168317.0,14211.0,秦野市,0,0,Kanagawa Ken,35.3666666667,139.2166666667
42069.0,45289.0,48352.0,49861.0,14210.0,三浦市,0,0,Kanagawa Ken,35.1333333333,139.6166666667
57060.0,57425.0,58302.0,58033.0,14208.0,逗子市,0,0,Kanagawa Ken,35.2833333333,139.5666666667
242389.0,239348.0,235081.0,228420.0,14207.0,茅ヶ崎市,0,0,Kanagawa Ken,35.3333333333,139.4
188856.0,194086.0,198327.0,198741.0,14206.0,小田原市,0,0,Kanagawa Ken,35.25,139.15
436905.0,423894.0,409657.0,396014.0,14205.0,藤沢市,0,0,Kanagawa Ken,35.3333333333,139.4833333333
172710.0,173019.0,174314.0,171158.0,14204.0,鎌倉市,0,0,Kanagawa Ken,35.3166666667,139.5333333333
258422.0,258227.0,260780.0,258958.0,14203.0,平塚市,0,0,Kanagawa Ken,35.3333333333,139.3333333333
388078.0,406586.0,418325.0,426178.0,14201.0,横須賀市,0,0,Kanagawa Ken,35.2666666667,139.6666666667
725493.0,720780.0,717544.0,628698.0,14150.0,相模原市,0,0,Kanagawa Ken,35.5666666667,139.3666666667
1538262.0,1475213.0,1425512.0,1327011.0,14130.0,川崎市,0,0,Kanagawa Ken,35.5166666667,139.7
3777491.0,3724844.0,3688773.0,3579628.0,14100.0,横浜市,0,0,Kanagawa Ken,35.4333333333,139.6333333333
2929.0,3022.0,2785.0,2723.0,13421.0,小笠原村,0,0,Tokyo To,27.0833333333,142.1833333333
169.0,178.0,201.0,214.0,13402.0,青ヶ島村,0,0,Tokyo To,32.466361,139.763361
7042.0,7613.0,8231.0,8837.0,13401.0,八丈町,0,0,Tokyo To,33.1,139.7833333333
323.0,335.0,348.0,292.0,13382.0,御蔵島村,0,0,Tokyo To,33.8833333333,139.5833333333
2273.0,2482.0,2676.0,2439.0,13381.0,三宅村,0,0,Tokyo To,34.0666666667,139.55
1855.0,1891.0,1889.0,2068.0,13364.0,神津島村,0,0,Tokyo To,34.2,139.1333333333
2441.0,2749.0,2883.0,3161.0,13363.0,新島村,0,0,Tokyo To,34.3666666667,139.25
327.0,337.0,341.0,308.0,13362.0,利島村,0,0,Tokyo To,34.5166666667,139.2666666667
7102.0,7884.0,8461.0,8702.0,13361.0,大島町,0,0,Tokyo To,34.75014,139.3555
4750.0,5234.0,6045.0,6741.0,13308.0,奥多摩町,0,0,Tokyo To,35.8,139.0833333333
2003.0,2209.0,2558.0,2930.0,13307.0,檜原村,0,0,Tokyo To,35.7166666667,139.1333333333
16958.0,17446.0,16650.0,15941.0,13305.0,日の出町,0,0,Tokyo To,35.7333333333,139.25
31765.0,33445.0,33497.0,33691.0,13303.0,瑞穂町,0,0,Tokyo To,35.7666666667,139.35
207388.0,200012.0,196511.0,189735.0,13229.0,西東京市,0,0,Tokyo To,35.7166666667,139.5333333333
79292.0,80954.0,80868.0,79587.0,13228.0,あきる野市,0,0,Tokyo To,35.7166666667,139.2833333333
54326.0,55833.0,57032.0,56514.0,13227.0,羽村市,0,0,Tokyo To,35.7666666667,139.3
93151.0,87636.0,84835.0,76492.0,13225.0,稲城市,0,0,Tokyo To,35.6333333333,139.5
146951.0,146631.0,147648.0,145877.0,13224.0,多摩市,0,0,Tokyo To,35.6333333333,139.4333333333
70829.0,71229.0,70053.0,66553.0,13223.0,武蔵村山市,0,0,Tokyo To,35.75,139.3833333333
115271.0,116632.0,116546.0,115330.0,13222.0,東久留米市,0,0,Tokyo To,35.75,139.5166666667
76208.0,74864.0,74104.0,73529.0,13221.0,清瀬市,0,0,Tokyo To,35.7833333333,139.5166666667
83901.0,85157.0,83068.0,79353.0,13220.0,東大和市,0,0,Tokyo To,35.7333333333,139.4166666667
84772.0,80249.0,78751.0,78319.0,13219.0,狛江市,0,0,Tokyo To,35.6333333333,139.5666666667
56414.0,58395.0,59796.0,61074.0,13218.0,福生市,0,0,Tokyo To,35.7333333333,139.3166666667
77130.0,73655.0,75510.0,72667.0,13215.0,国立市,0,0,Tokyo To,35.6833333333,139.4333333333
129242.0,122742.0,120650.0,117604.0,13214.0,国分寺市,0,0,Tokyo To,35.7,139.45
151815.0,149956.0,153557.0,144929.0,13213.0,東村山市,0,0,Tokyo To,35.75,139.4666666667
190435.0,186283.0,180052.0,176538.0,13212.0,日野市,0,0,Tokyo To,35.6666666667,139.3833333333
198739.0,190005.0,187035.0,183796.0,13211.0,小平市,0,0,Tokyo To,35.7166666667,139.4666666667
126074.0,121396.0,118852.0,114112.0,13210.0,小金井市,0,0,Tokyo To,35.6833333333,139.5
431079.0,432348.0,426987.0,405534.0,13209.0,町田市,0,0,Tokyo To,35.5333333333,139.4333333333
242614.0,229061.0,223593.0,216119.0,13208.0,調布市,0,0,Tokyo To,35.65,139.5333333333
113949.0,111539.0,112297.0,110143.0,13207.0,昭島市,0,0,Tokyo To,35.7,139.35
262790.0,260274.0,255506.0,245623.0,13206.0,府中市,0,0,Tokyo To,35.6666666667,139.4666666667
133535.0,137381.0,139339.0,142354.0,13205.0,青梅市,0,0,Tokyo To,35.7833333333,139.2666666667
195391.0,186936.0,186083.0,177016.0,13204.0,三鷹市,0,0,Tokyo To,35.6833333333,139.55
150149.0,144730.0,138734.0,137525.0,13203.0,武蔵野市,0,0,Tokyo To,35.7166666667,139.55
183581.0,176295.0,179668.0,172566.0,13202.0,立川市,0,0,Tokyo To,35.6833333333,139.4166666667
579355.0,577513.0,580053.0,560012.0,13201.0,八王子市,0,0,Tokyo To,35.6666666667,139.3
0.0,0.0,0.0,5495.0,12468.0,和田町,1,0,Chiba Ken,35.04281,140.02069
0.0,0.0,0.0,5440.0,12467.0,丸山町,1,0,Chiba Ken,35.02183,139.962
0.0,0.0,0.0,12381.0,12466.0,千倉町,1,0,Chiba Ken,34.95,139.95
0.0,0.0,0.0,5589.0,12465.0,白浜町,1,0,Chiba Ken,34.90819,139.889922
0.0,0.0,0.0,4656.0,12464.0,三芳村,1,0,Chiba Ken,35.02586,139.89533
6993.0,8022.0,8950.0,9778.0,12463.0,鋸南町,0,0,Chiba Ken,35.1,139.8333333333
0.0,0.0,0.0,5751.0,12462.0,富山町,1,0,Chiba Ken,35.09469,139.84761
0.0,0.0,0.0,5451.0,12461.0,富浦町,1,0,Chiba Ken,35.04314,139.84
0.0,0.0,0.0,14777.0,12445.0,岬町,1,0,Chiba Ken,35.29994,140.38675
0.0,0.0,0.0,19917.0,12444.0,大原町,1,0,Chiba Ken,35.25389,140.38511
6874.0,7315.0,7738.0,7942.0,12443.0,御宿町,0,0,Chiba Ken,35.1833333333,140.3333333333
0.0,0.0,0.0,7611.0,12442.0,夷隅町,1,0,Chiba Ken,35.28472,140.31183
8885.0,9843.0,10671.0,11514.0,12441.0,大多喜町,0,0,Chiba Ken,35.2833333333,140.2333333333
7198.0,8206.0,9073.0,9824.0,12427.0,長南町,0,0,Chiba Ken,35.3833333333,140.2333333333
6721.0,7337.0,8035.0,8564.0,12426.0,長柄町,0,0,Chiba Ken,35.4166666667,140.2166666667
10305.0,11149.0,12151.0,12850.0,12424.0,白子町,0,0,Chiba Ken,35.45,140.3666666667
13803.0,14359.0,14752.0,14543.0,12423.0,長生村,0,0,Chiba Ken,35.4,140.35
6760.0,7222.0,7340.0,7838.0,12422.0,睦沢町,0,0,Chiba Ken,35.35,140.3166666667
11897.0,11767.0,12034.0,11656.0,12421.0,一宮町,0,0,Chiba Ken,35.37278,140.36875
22075.0,23762.0,24675.0,0.0,12410.0,横芝光町,0,1,Chiba Ken,35.65,140.5
7033.0,7431.0,7920.0,8389.0,12409.0,芝山町,0,0,Chiba Ken,35.6833333333,140.4
0.0,0.0,0.0,14129.0,12408.0,横芝町,1,0,Chiba Ken,35.65767,140.4815
0.0,0.0,0.0,10896.0,12407.0,松尾町,1,0,Chiba Ken,35.63831,140.45597
0.0,0.0,0.0,4645.0,12406.0,蓮沼村,1,0,Chiba Ken,35.60178,140.50036
0.0,0.0,0.0,19351.0,12405.0,山武町,1,0,Chiba Ken,35.64389,140.36703
0.0,0.0,0.0,24132.0,12404.0,成東町,1,0,Chiba Ken,35.603,140.41353
14639.0,16510.0,18004.0,19009.0,12403.0,九十九里町,0,0,Chiba Ken,35.5333333333,140.4333333333
0.0,0.0,50113.0,49548.0,12402.0,大網白里町,1,0,Chiba Ken,35.52175,140.321
0.0,0.0,0.0,10019.0,12382.0,野栄町,1,0,Chiba Ken,35.66072,
0.0,0.0,0.0,11852.0,12381.0,光町,1,0,Chiba Ken,35.66561,140.50439
13228.0,14152.0,15154.0,16166.0,12349.0,東庄町,0,0,Chiba Ken,35.8333333333,140.65
13735.0,14724.0,16002.0,16950.0,12347.0,多古町,0,0,Chiba Ken,35.7333333333,140.4666666667
0.0,0.0,0.0,5190.0,12346.0,栗源町,1,0,Chiba Ken,,
0.0,0.0,0.0,10778.0,12345.0,山田町,1,0,Chiba Ken,,
0.0,0.0,0.0,25399.0,12344.0,小見川町,1,0,Chiba Ken,35.84714,140.60256
0.0,0.0,0.0,12720.0,12343.0,大栄町,1,0,Chiba Ken,35.83144,140.418
5816.0,6133.0,6454.0,6705.0,12342.0,神崎町,0,0,Chiba Ken,35.90161,140.40528
0.0,0.0,0.0,7702.0,12341.0,下総町,1,0,Chiba Ken,,
20127.0,21228.0,22580.0,24377.0,12329.0,栄町,0,0,Chiba Ken,35.8333333333,140.2333333333
0.0,0.0,0.0,8390.0,12328.0,本埜村,1,0,Chiba Ken,,
0.0,0.0,0.0,12652.0,12325.0,印旛村,1,0,Chiba Ken,,
20745.0,20955.0,21234.0,21385.0,12322.0,酒々井町,0,0,Chiba Ken,35.7166666667,140.2666666667
48129.0,49184.0,0.0,0.0,12239.0,大網白里市,0,1,Chiba Ken,35.516666666666666,140.31666666666666
35544.0,38594.0,40962.0,0.0,12238.0,いすみ市,0,1,Chiba Ken,35.25,140.3833333333
48444.0,52222.0,56089.0,0.0,12237.0,山武市,0,1,Chiba Ken,35.6,140.4
72356.0,77499.0,82866.0,0.0,12236.0,香取市,0,1,Chiba Ken,35.8833333333,140.4833333333
35040.0,37261.0,39814.0,0.0,12235.0,匝瑳市,0,1,Chiba Ken,35.7,140.55
35831.0,39033.0,42104.0,0.0,12234.0,南房総市,0,1,Chiba Ken,35.0333333333,139.8333333333
49735.0,49636.0,51087.0,51370.0,12233.0,富里市,0,0,Chiba Ken,35.7166666667,140.3333333333
62441.0,61674.0,60345.0,53005.0,12232.0,白井市,0,0,Chiba Ken,35.7833333333,140.05
102609.0,92670.0,88176.0,60060.0,12231.0,印西市,0,0,Chiba Ken,35.8166666667,140.1333333333
67455.0,70734.0,73212.0,75735.0,12230.0,八街市,0,0,Chiba Ken,35.65,140.3166666667
63883.0,60952.0,60355.0,59108.0,12229.0,袖ヶ浦市,0,0,Chiba Ken,35.4166666667,139.95
93576.0,89245.0,86726.0,84770.0,12228.0,四街道市,0,0,Chiba Ken,35.6666666667,140.1666666667
171362.0,164024.0,164877.0,155290.0,12227.0,浦安市,0,0,Chiba Ken,35.65,139.9
42465.0,45601.0,48073.0,50162.0,12226.0,富津市,0,0,Chiba Ken,35.3,139.85
82206.0,86033.0,89168.0,90977.0,12225.0,君津市,0,0,Chiba Ken,35.3166666667,139.9
109932.0,108917.0,107853.0,102812.0,12224.0,鎌ケ谷市,0,0,Chiba Ken,35.7666666667,140.0
32116.0,33932.0,35766.0,36475.0,12223.0,鴨川市,0,0,Chiba Ken,35.1,140.0833333333
130510.0,131606.0,134017.0,131205.0,12222.0,我孫子市,0,0,Chiba Ken,35.85,140.0166666667
199498.0,193152.0,189781.0,180729.0,12221.0,八千代市,0,0,Chiba Ken,35.7166666667,140.0833333333
199849.0,174373.0,163984.0,152641.0,12220.0,流山市,0,0,Chiba Ken,35.85,139.9
269524.0,274656.0,280416.0,280255.0,12219.0,市原市,0,0,Chiba Ken,35.4833333333,140.1
16927.0,19248.0,20788.0,22198.0,12218.0,勝浦市,0,0,Chiba Ken,35.15,140.3166666667
426468.0,413954.0,404012.0,380963.0,12217.0,柏市,0,0,Chiba Ken,35.8666666667,139.9666666667
176197.0,167909.0,164530.0,158785.0,12216.0,習志野市,0,0,Chiba Ken,35.6666666667,140.0166666667
63745.0,66586.0,69058.0,70643.0,12215.0,旭市,0,0,Chiba Ken,35.7166666667,140.6333333333
0.0,0.0,0.0,32067.0,12214.0,八日市場市,1,0,Chiba Ken,35.70792,140.56436
58219.0,60652.0,61751.0,61701.0,12213.0,東金市,0,0,Chiba Ken,35.55,140.35
168743.0,172739.0,172183.0,171246.0,12212.0,佐倉市,0,0,Chiba Ken,35.7166666667,140.2166666667
132906.0,131190.0,128933.0,100717.0,12211.0,成田市,0,0,Chiba Ken,35.7666666667,140.3166666667
86782.0,89688.0,93015.0,93260.0,12210.0,茂原市,0,0,Chiba Ken,35.4166666667,140.2833333333
0.0,0.0,0.0,45965.0,12209.0,佐原市,1,0,Chiba Ken,35.89772,140.49925
152638.0,153583.0,155491.0,151240.0,12208.0,野田市,0,0,Chiba Ken,35.95,139.8666666667
498232.0,483480.0,484457.0,472579.0,12207.0,松戸市,0,0,Chiba Ken,35.7833333333,139.9
136166.0,134141.0,129312.0,122234.0,12206.0,木更津市,0,0,Chiba Ken,35.3666666667,139.9166666667
45153.0,47464.0,49290.0,50527.0,12205.0,館山市,0,0,Chiba Ken,34.9833333333,139.8666666667
642907.0,622890.0,609040.0,569835.0,12204.0,船橋市,0,0,Chiba Ken,35.6833333333,139.9666666667
496676.0,481732.0,473919.0,466608.0,12203.0,市川市,0,0,Chiba Ken,35.7166666667,139.9166666667
58431.0,64415.0,70210.0,75020.0,12202.0,銚子市,0,0,Chiba Ken,35.7333333333,140.8166666667
974951.0,971882.0,961749.0,924319.0,12100.0,千葉市,0,0,Chiba Ken,35.6,140.1
28266.0,30061.0,31153.0,30857.0,11465.0,松伏町,0,0,Saitama Ken,35.9166666667,139.8
43845.0,45495.0,46923.0,46646.0,11464.0,杉戸町,0,0,Saitama Ken,36.0166666667,139.7333333333
0.0,0.0,0.0,34062.0,11462.0,鷲宮町,1,0,Saitama Ken,36.10031,139.66725
0.0,0.0,0.0,26675.0,11461.0,栗橋町,1,0,Saitama Ken,36.12628,139.69694
0.0,0.0,0.0,21425.0,11446.0,菖蒲町,1,0,Saitama Ken,36.05953,139.60131
0.0,0.0,50272.0,48389.0,11445.0,白岡町,1,0,Saitama Ken,36.01906,139.67694
34147.0,33705.0,33641.0,34620.0,11442.0,宮代町,0,0,Saitama Ken,36.0166666667,139.7166666667
0.0,0.0,0.0,14521.0,11425.0,大利根町,1,0,Saitama Ken,36.14072,139.66417
0.0,0.0,0.0,13307.0,11424.0,北川辺町,1,0,Saitama Ken,36.1905,139.66142
0.0,0.0,0.0,4095.0,11422.0,南河原村,1,0,Saitama Ken,36.18106,139.43544
0.0,0.0,0.0,20007.0,11421.0,騎西町,1,0,Saitama Ken,36.10208,139.57492
32374.0,34081.0,35774.0,37061.0,11408.0,寄居町,0,0,Saitama Ken,36.1166666667,139.1833333333
0.0,0.0,0.0,12635.0,11407.0,花園町,1,0,Saitama Ken,36.13294,139.226
0.0,0.0,0.0,11992.0,11406.0,川本町,1,0,Saitama Ken,36.13911,139.28161
0.0,0.0,0.0,18305.0,11405.0,岡部町,1,0,Saitama Ken,36.20433,139.23478
0.0,0.0,0.0,13568.0,11402.0,江南町,1,0,Saitama Ken,36.11519,139.33494
30343.0,30565.0,30998.0,30855.0,11385.0,上里町,0,0,Saitama Ken,36.25,139.1333333333
0.0,0.0,0.0,1243.0,11384.0,神泉村,1,0,Saitama Ken,36.14942,139.05567
13359.0,13730.0,14470.0,13819.0,11383.0,神川町,0,0,Saitama Ken,36.2,139.1
0.0,0.0,0.0,21150.0,11382.0,児玉町,1,0,Saitama Ken,36.19094,139.12856
11039.0,11207.0,11605.0,11963.0,11381.0,美里町,0,0,Saitama Ken,36.17717,139.18144
2709.0,2915.0,3348.0,3795.0,11369.0,東秩父村,0,0,Saitama Ken,36.05,139.1833333333
10928.0,12117.0,13436.0,14479.0,11365.0,小鹿野町,0,0,Saitama Ken,36.0166666667,139.0
6807.0,7324.0,7908.0,8352.0,11363.0,長瀞町,0,0,Saitama Ken,36.1,139.1
9302.0,10133.0,10888.0,11518.0,11362.0,皆野町,0,0,Saitama Ken,36.0666666667,139.0833333333
7979.0,8519.0,9039.0,9684.0,11361.0,横瀬町,0,0,Saitama Ken,35.9833333333,139.1
10540.0,11492.0,12418.0,0.0,11349.0,ときがわ町,0,1,Saitama Ken,36.0,139.2833333333
13560.0,14338.0,15305.0,15985.0,11348.0,鳩山町,0,0,Saitama Ken,35.9666666667,139.3333333333
18192.0,19631.0,21079.0,22217.0,11347.0,吉見町,0,0,Saitama Ken,36.0333333333,139.45
19378.0,20788.0,22147.0,22906.0,11346.0,川島町,0,0,Saitama Ken,35.9666666667,139.4666666667
0.0,0.0,0.0,5494.0,11345.0,玉川村,1,0,Saitama Ken,36.00858,139.29678
0.0,0.0,0.0,7777.0,11344.0,都幾川村,1,0,Saitama Ken,36.004,139.27339
28524.0,31178.0,32913.0,35401.0,11343.0,小川町,0,0,Saitama Ken,36.05,139.25
17889.0,18341.0,18887.0,19479.0,11342.0,嵐山町,0,0,Saitama Ken,36.05,139.3166666667
19732.0,18212.0,17323.0,15434.0,11341.0,滑川町,0,0,Saitama Ken,36.05,139.35
11029.0,11716.0,12537.0,13356.0,11327.0,越生町,0,0,Saitama Ken,35.95,139.2833333333
35366.0,37275.0,39054.0,39122.0,11326.0,毛呂山町,0,0,Saitama Ken,35.9333333333,139.3
38434.0,38456.0,38706.0,37050.0,11324.0,三芳町,0,0,Saitama Ken,35.8166666667,139.5166666667
44841.0,44442.0,42494.0,36535.0,11301.0,伊奈町,0,0,Saitama Ken,36.0,139.6166666667
52214.0,51535.0,0.0,0.0,11246.0,白岡市,0,1,Saitama Ken,36.016666666666666,139.66666666666666
113597.0,110970.0,105695.0,101960.0,11245.0,ふじみ野市,0,0,Saitama Ken,35.8666666667,139.5166666667
71979.0,69738.0,65298.0,60284.0,11243.0,吉川市,0,0,Saitama Ken,35.8833333333,139.8333333333
54571.0,56520.0,57473.0,53619.0,11242.0,日高市,0,0,Saitama Ken,35.9,139.3333333333
70117.0,70255.0,69990.0,69783.0,11241.0,鶴ヶ島市,0,0,Saitama Ken,35.9333333333,139.3833333333
50066.0,52524.0,54012.0,54006.0,11240.0,幸手市,0,0,Saitama Ken,36.0666666667,139.7166666667
100275.0,101679.0,101700.0,98964.0,11239.0,坂戸市,0,0,Saitama Ken,35.95,139.4
61499.0,62380.0,63309.0,63474.0,11238.0,蓮田市,0,0,Saitama Ken,35.9833333333,139.65
142145.0,136521.0,131415.0,128278.0,11237.0,三郷市,0,0,Saitama Ken,35.8166666667,139.8666666667
111859.0,108102.0,106736.0,104748.0,11235.0,富士見市,0,0,Saitama Ken,35.85,139.5333333333
93363.0,86717.0,82977.0,75507.0,11234.0,八潮市,0,0,Saitama Ken,35.8166666667,139.8333333333
65201.0,67409.0,68888.0,70126.0,11233.0,北本市,0,0,Saitama Ken,36.0166666667,139.5166666667
150582.0,152311.0,154310.0,72522.0,11232.0,久喜市,0,0,Saitama Ken,36.05,139.6666666667
74748.0,73936.0,74711.0,73677.0,11231.0,桶川市,0,0,Saitama Ken,36.0,139.55
166017.0,162122.0,158777.0,153305.0,11230.0,新座市,0,0,Saitama Ken,35.7833333333,139.55
83989.0,80826.0,80745.0,76688.0,11229.0,和光市,0,0,Saitama Ken,35.7666666667,139.6
75346.0,72676.0,69611.0,67448.0,11228.0,志木市,0,0,Saitama Ken,35.8333333333,139.5666666667
141083.0,136299.0,129691.0,124393.0,11227.0,朝霞市,0,0,Saitama Ken,35.7833333333,139.5833333333
0.0,0.0,60908.0,58355.0,11226.0,鳩ヶ谷市,1,0,Saitama Ken,35.83333,139.733333
145651.0,148390.0,149872.0,148576.0,11225.0,入間市,0,0,Saitama Ken,35.8333333333,139.3833333333
140899.0,136150.0,123079.0,116696.0,11224.0,戸田市,0,0,Saitama Ken,35.8166666667,139.6666666667
74283.0,72260.0,71502.0,70010.0,11223.0,蕨市,0,0,Saitama Ken,35.8166666667,139.6666666667
341621.0,337498.0,326313.0,315792.0,11222.0,越谷市,0,0,Saitama Ken,35.8833333333,139.7833333333
248304.0,247034.0,243855.0,236316.0,11221.0,草加市,0,0,Saitama Ken,35.8166666667,139.8
226940.0,225196.0,223926.0,220232.0,11219.0,上尾市,0,0,Saitama Ken,35.9666666667,139.5833333333
141268.0,143811.0,144618.0,103529.0,11218.0,深谷市,0,0,Saitama Ken,36.1833333333,139.2666666667
116828.0,118072.0,119639.0,119594.0,11217.0,鴻巣市,0,0,Saitama Ken,36.05,139.5166666667
52862.0,54874.0,56204.0,56693.0,11216.0,羽生市,0,0,Saitama Ken,36.1666666667,139.5333333333
148699.0,152405.0,155727.0,158074.0,11215.0,狭山市,0,0,Saitama Ken,35.85,139.4
229792.0,232709.0,237171.0,238506.0,11214.0,春日部市,0,0,Saitama Ken,35.9666666667,139.75
91791.0,91437.0,90099.0,91302.0,11212.0,東松山市,0,0,Saitama Ken,36.0333333333,139.4
78569.0,77881.0,81889.0,60807.0,11211.0,本庄市,0,0,Saitama Ken,36.2333333333,139.1833333333
111623.0,112229.0,115002.0,67662.0,11210.0,加須市,0,0,Saitama Ken,36.1166666667,139.6
80361.0,80715.0,83549.0,84860.0,11209.0,飯能市,0,0,Saitama Ken,35.85,139.3166666667
342464.0,340386.0,341924.0,336100.0,11208.0,所沢市,0,0,Saitama Ken,35.7833333333,139.4666666667
59674.0,63555.0,66955.0,70563.0,11207.0,秩父市,0,0,Saitama Ken,35.9833333333,139.0833333333
78617.0,82113.0,85786.0,84720.0,11206.0,行田市,0,0,Saitama Ken,36.1333333333,139.45
594274.0,578112.0,500598.0,480079.0,11203.0,川口市,0,0,Saitama Ken,35.8,139.7166666667
194415.0,198742.0,203180.0,191107.0,11202.0,熊谷市,0,0,Saitama Ken,36.1333333333,139.3833333333
354571.0,350745.0,342670.0,333795.0,11201.0,川越市,0,0,Saitama Ken,35.9166666667,139.4833333333
1324025.0,1263979.0,1222434.0,1176314.0,11100.0,さいたま市,0,0,Saitama Ken,35.85,139.6333333333
25522.0,26426.0,27023.0,27372.0,10525.0,邑楽町,0,0,Gunma Ken,36.25,139.4666666667
42089.0,41202.0,40257.0,41466.0,10524.0,大泉町,0,0,Gunma Ken,36.2333333333,139.4
10861.0,11318.0,11473.0,11620.0,10523.0,千代田町,0,0,Gunma Ken,36.21775,139.44242
10882.0,11044.0,11209.0,11326.0,10522.0,明和町,0,0,Gunma Ken,36.21128,139.53422
14083.0,15015.0,15706.0,15865.0,10521.0,板倉町,0,0,Gunma Ken,36.2166666667,139.6
0.0,0.0,0.0,21427.0,10501.0,大間々町,1,0,Gunma Ken,36.43275,139.27328
0.0,0.0,0.0,27740.0,10484.0,笠懸町,1,0,Gunma Ken,36.39483,139.28108
36054.0,36654.0,37536.0,38168.0,10464.0,玉村町,0,0,Gunma Ken,36.3,139.1
17195.0,19347.0,21345.0,23310.0,10449.0,みなかみ町,0,0,Gunma Ken,36.6666666667,138.9833333333
6953.0,7347.0,7620.0,7783.0,10448.0,昭和村,0,0,Gunma Ken,36.63975,139.06589
3480.0,3647.0,3898.0,4179.0,10444.0,川場村,0,0,Gunma Ken,36.6833333333,139.1
3993.0,4390.0,4904.0,5478.0,10443.0,片品村,0,0,Gunma Ken,36.7666666667,139.2166666667
12728.0,14033.0,15622.0,0.0,10429.0,東吾妻町,0,1,Gunma Ken,36.5666666667,138.8166666667
3511.0,3674.0,3911.0,4351.0,10428.0,高山村,0,0,Gunma Ken,36.62075,138.94358
0.0,0.0,0.0,1842.0,10427.0,六合村,1,0,Gunma Ken,36.59753,138.62831
6049.0,6518.0,7160.0,7602.0,10426.0,草津町,0,0,Gunma Ken,36.6166666667,138.5833333333
8850.0,9780.0,10183.0,10858.0,10425.0,嬬恋村,0,0,Gunma Ken,36.5,138.5166666667
5095.0,5536.0,6017.0,6563.0,10424.0,長野原町,0,0,Gunma Ken,36.55,138.6333333333
0.0,0.0,0.0,14515.0,10423.0,吾妻町,1,0,Gunma Ken,36.57142,138.82556
0.0,0.0,0.0,2332.0,10422.0,東村,1,0,Gunma Ken,36.52236,139.30983
15386.0,16850.0,18216.0,17556.0,10421.0,中之条町,0,0,Gunma Ken,36.5833333333,138.8333333333
0.0,0.0,0.0,16268.0,10401.0,松井田町,1,0,Gunma Ken,36.31458,138.79047
12491.0,13200.0,13618.0,14313.0,10384.0,甘楽町,0,0,Gunma Ken,36.2333333333,138.9166666667
1611.0,1979.0,2423.0,2929.0,10383.0,南牧村,0,0,Gunma Ken,36.1586,138.7114
6576.0,7564.0,8911.0,10144.0,10382.0,下仁田町,0,0,Gunma Ken,36.2,138.7833333333
0.0,0.0,0.0,4727.0,10381.0,妙義町,1,0,Gunma Ken,36.28636,138.81631
1645.0,1954.0,2352.0,2757.0,10367.0,神流町,0,0,Gunma Ken,36.1,138.9166666667
1128.0,1230.0,1306.0,1535.0,10366.0,上野村,0,0,Gunma Ken,36.0833333333,138.7666666667
0.0,0.0,0.0,24987.0,10363.0,吉井町,1,0,Gunma Ken,36.25417,138.98894
0.0,0.0,0.0,6808.0,10362.0,鬼石町,1,0,Gunma Ken,36.16056,139.06192
0.0,0.0,0.0,12433.0,10361.0,新町,1,0,Gunma Ken,36.27692,139.11361
21792.0,21080.0,19801.0,18060.0,10345.0,吉岡町,0,0,Gunma Ken,36.4333333333,139.0
14216.0,14329.0,14370.0,14158.0,10344.0,榛東村,0,0,Gunma Ken,36.4333333333,138.9666666667
0.0,0.0,0.0,3762.0,10343.0,伊香保町,1,0,Gunma Ken,36.49997,138.91911
0.0,0.0,0.0,1994.0,10342.0,小野上村,1,0,Gunma Ken,36.54756,138.93764
0.0,0.0,0.0,11722.0,10341.0,子持村,1,0,Gunma Ken,36.51931,139.00836
0.0,0.0,0.0,36764.0,10324.0,群馬町,1,0,Gunma Ken,36.39806,138.99986
0.0,0.0,0.0,19452.0,10323.0,箕郷町,1,0,Gunma Ken,36.39197,138.95575
0.0,0.0,0.0,4427.0,10322.0,倉渕村,1,0,Gunma Ken,36.42506,138.79314
0.0,0.0,0.0,21756.0,10321.0,榛名町,1,0,Gunma Ken,36.38517,138.88192
0.0,0.0,0.0,2948.0,10309.0,東村,1,0,Gunma Ken,36.52236,139.30983
0.0,0.0,0.0,22320.0,10303.0,富士見村,1,0,Gunma Ken,36.45517,139.07556
0.0,0.0,0.0,11981.0,10302.0,赤城村,1,0,Gunma Ken,36.53444,139.03522
0.0,0.0,0.0,10049.0,10301.0,北橘村,1,0,Gunma Ken,36.48117,139.04622
49648.0,50906.0,51899.0,0.0,10212.0,みどり市,0,1,Gunma Ken,36.3833333333,139.2666666667
54907.0,58531.0,61077.0,46911.0,10211.0,安中市,0,0,Gunma Ken,36.3166666667,138.8833333333
47446.0,49746.0,52070.0,49038.0,10210.0,富岡市,0,0,Gunma Ken,36.25,138.8833333333
63261.0,65708.0,67975.0,62480.0,10209.0,藤岡市,0,0,Gunma Ken,36.25,139.0666666667
74581.0,78391.0,83330.0,47961.0,10208.0,渋川市,0,0,Gunma Ken,36.4833333333,139.0
75309.0,76667.0,78608.0,79454.0,10207.0,館林市,0,0,Gunma Ken,36.2333333333,139.5333333333
45337.0,48676.0,51265.0,53177.0,10206.0,沼田市,0,0,Gunma Ken,36.6333333333,139.0333333333
223014.0,219807.0,216465.0,213299.0,10205.0,太田市,0,0,Gunma Ken,36.2833333333,139.3666666667
211850.0,208814.0,207221.0,202447.0,10204.0,伊勢崎市,0,0,Gunma Ken,36.3,139.1833333333
106445.0,114714.0,121704.0,128037.0,10203.0,桐生市,0,0,Gunma Ken,36.4,139.3166666667
372973.0,370884.0,371302.0,245100.0,10202.0,高崎市,0,0,Gunma Ken,36.3166666667,139.0
332149.0,336154.0,340291.0,318584.0,10201.0,前橋市,0,0,Gunma Ken,36.3833333333,139.05
15215.0,16964.0,18446.0,19865.0,9411.0,那珂川町,0,0,Tochigi Ken,36.73633,140.17258
23956.0,24919.0,26765.0,26693.0,9407.0,那須町,0,0,Tochigi Ken,37.0166666667,140.1166666667
29229.0,29639.0,30436.0,30915.0,9386.0,高根沢町,0,0,Tochigi Ken,36.6166666667,139.9833333333
10354.0,11495.0,12560.0,13462.0,9384.0,塩谷町,0,0,Tochigi Ken,36.7666666667,139.85
0.0,0.0,0.0,10684.0,9383.0,藤原町,1,0,Tochigi Ken,36.83197,139.71978
0.0,0.0,0.0,1933.0,9382.0,栗山村,1,0,Tochigi Ken,36.869,139.61431
0.0,0.0,0.0,13565.0,9368.0,都賀町,1,0,Tochigi Ken,36.42864,139.74861
0.0,0.0,18241.0,19011.0,9367.0,岩舟町,1,0,Tochigi Ken,36.31872,139.65606
0.0,0.0,0.0,18056.0,9366.0,藤岡町,1,0,Tochigi Ken,36.26219,139.64931
0.0,0.0,0.0,28813.0,9365.0,大平町,1,0,Tochigi Ken,36.33758,139.70172
24913.0,25292.0,25720.0,25907.0,9364.0,野木町,0,0,Tochigi Ken,36.2166666667,139.7333333333
0.0,0.0,0.0,17765.0,9363.0,国分寺町,1,0,Tochigi Ken,36.38717,139.84194
0.0,0.0,0.0,20494.0,9362.0,石橋町,1,0,Tochigi Ken,36.43675,139.86156
39474.0,39951.0,39605.0,40107.0,9361.0,壬生町,0,0,Tochigi Ken,36.4166666667,139.8
14961.0,15189.0,16030.0,16367.0,9345.0,芳賀町,0,0,Tochigi Ken,36.5333333333,140.05
11262.0,11720.0,12094.0,12401.0,9344.0,市貝町,0,0,Tochigi Ken,36.5333333333,140.1
11891.0,13188.0,15018.0,16403.0,9343.0,茂木町,0,0,Tochigi Ken,36.5166666667,140.1833333333
21898.0,23281.0,24348.0,25080.0,9342.0,益子町,0,0,Tochigi Ken,36.4666666667,140.0833333333
0.0,0.0,0.0,16640.0,9341.0,二宮町,1,0,Tochigi Ken,36.38692,139.96961
0.0,0.0,0.0,3248.0,9323.0,足尾町,1,0,Tochigi Ken,36.63728,139.441
0.0,0.0,0.0,10139.0,9322.0,粟野町,1,0,Tochigi Ken,36.51544,139.67322
0.0,0.0,6521.0,6978.0,9321.0,西方町,1,0,Tochigi Ken,36.46664,139.74469
0.0,0.0,0.0,35176.0,9304.0,河内町,1,0,Tochigi Ken,36.62869,139.93933
0.0,0.0,0.0,9547.0,9303.0,上河内町,1,0,Tochigi Ken,36.68308,139.90125
0.0,0.0,0.0,20873.0,9302.0,南河内町,1,0,Tochigi Ken,36.38422,139.87703
30806.0,31046.0,31621.0,31592.0,9301.0,上三川町,0,0,Tochigi Ken,36.4333333333,139.9
59507.0,59431.0,59483.0,0.0,9216.0,下野市,0,1,Tochigi Ken,36.3833333333,139.8333333333
24875.0,27047.0,29206.0,31152.0,9215.0,那須烏山市,0,0,Tochigi Ken,36.65,140.15
44513.0,44901.0,44768.0,41383.0,9214.0,さくら市,0,0,Tochigi Ken,36.6833333333,139.95
115210.0,117146.0,117812.0,115032.0,9213.0,那須塩原市,0,0,Tochigi Ken,36.95,140.0333333333
31165.0,33354.0,35343.0,35685.0,9211.0,矢板市,0,0,Tochigi Ken,36.8,139.9166666667
72087.0,75457.0,77729.0,79023.0,9210.0,大田原市,0,0,Tochigi Ken,36.8666666667,140.0
78190.0,79539.0,82289.0,66362.0,9209.0,真岡市,0,0,Tochigi Ken,36.4333333333,140.0
166666.0,166760.0,164454.0,160150.0,9208.0,小山市,0,0,Tochigi Ken,36.3,139.8
0.0,0.0,0.0,62047.0,9207.0,今市市,1,0,Tochigi Ken,36.72388,139.694582
77661.0,83386.0,90066.0,16379.0,9206.0,日光市,0,0,Tochigi Ken,36.7166666667,139.6833333333
94033.0,98374.0,102348.0,94009.0,9205.0,鹿沼市,0,0,Tochigi Ken,36.5666666667,139.7333333333
116228.0,118919.0,121249.0,123926.0,9204.0,佐野市,0,0,Tochigi Ken,36.3,139.5666666667
155549.0,159211.0,139262.0,82340.0,9203.0,栃木市,0,0,Tochigi Ken,36.3666666667,139.7166666667
144746.0,149452.0,154530.0,159756.0,9202.0,足利市,0,0,Tochigi Ken,36.3333333333,139.4333333333
518757.0,518594.0,511739.0,457673.0,9201.0,宇都宮市,0,0,Tochigi Ken,36.55,139.8666666667
15340.0,16313.0,17473.0,18024.0,8564.0,利根町,0,0,Ibaraki Ken,35.85,140.1333333333
24201.0,24517.0,25714.0,26468.0,8546.0,境町,0,0,Ibaraki Ken,36.1,139.7833333333
8093.0,8786.0,9410.0,9873.0,8542.0,五霞町,0,0,Ibaraki Ken,36.1,139.7333333333
0.0,0.0,0.0,24669.0,8523.0,石下町,1,0,Ibaraki Ken,36.11564,139.97367
0.0,0.0,0.0,9540.0,8522.0,千代川村,1,0,Ibaraki Ken,36.15653,139.96389
21026.0,22021.0,23106.0,23609.0,8521.0,八千代町,0,0,Ibaraki Ken,36.1666666667,139.8833333333
0.0,0.0,0.0,15518.0,8483.0,谷和原村,1,0,Ibaraki Ken,35.98989,140.01061
0.0,0.0,0.0,24656.0,8482.0,伊奈町,1,0,Ibaraki Ken,35.96292,140.03708
0.0,0.0,0.0,9002.0,8465.0,新治村,1,0,Ibaraki Ken,36.1336,140.1576
0.0,0.0,0.0,8882.0,8462.0,玉里村,1,0,Ibaraki Ken,36.16242,140.33631
8231.0,9168.0,10172.0,10959.0,8447.0,河内町,0,0,Ibaraki Ken,35.88475,140.2445
48553.0,47535.0,47940.0,47994.0,8443.0,阿見町,0,0,Ibaraki Ken,36.0166666667,140.2
14602.0,15842.0,17299.0,18118.0,8442.0,美浦村,0,0,Ibaraki Ken,36.0,140.3
0.0,0.0,0.0,11444.0,8403.0,大洋村,1,0,Ibaraki Ken,36.10247,140.57272
0.0,0.0,0.0,27857.0,8402.0,鉾田町,1,0,Ibaraki Ken,36.15869,140.51644
0.0,0.0,0.0,11753.0,8401.0,旭村,1,0,Ibaraki Ken,36.10381,140.03767
15736.0,18053.0,20073.0,22103.0,8364.0,大子町,0,0,Ibaraki Ken,36.7666666667,140.35
37891.0,37713.0,37438.0,35450.0,8341.0,東海村,0,0,Ibaraki Ken,36.4666666667,140.55
0.0,0.0,0.0,16303.0,8322.0,岩間町,1,0,Ibaraki Ken,36.30128,140.29267
0.0,0.0,0.0,35526.0,8321.0,友部町,1,0,Ibaraki Ken,36.345,140.3042
18097.0,19800.0,21491.0,22993.0,8310.0,城里町,0,0,Ibaraki Ken,36.4666666667,140.3666666667
15715.0,16886.0,18328.0,19205.0,8309.0,大洗町,0,0,Ibaraki Ken,36.3,140.5666666667
0.0,0.0,0.0,25051.0,8304.0,美野里町,1,0,Ibaraki Ken,36.23928,140.35258
0.0,0.0,0.0,19332.0,8303.0,小川町,1,0,Ibaraki Ken,36.18078,140.56503
31401.0,32921.0,34513.0,35008.0,8302.0,茨城町,0,0,Ibaraki Ken,36.2833333333,140.4166666667
48870.0,50911.0,52279.0,0.0,8236.0,小美玉市,0,1,Ibaraki Ken,36.2333333333,140.35
49872.0,49136.0,44461.0,0.0,8235.0,つくばみらい市,0,1,Ibaraki Ken,35.95,140.0333333333
45953.0,48147.0,50156.0,0.0,8234.0,鉾田市,0,1,Ibaraki Ken,36.15,140.5
32185.0,34909.0,37611.0,40035.0,8233.0,行方市,0,0,Ibaraki Ken,35.9833333333,140.4833333333
95454.0,94522.0,94795.0,91867.0,8232.0,神栖市,0,0,Ibaraki Ken,35.8833333333,140.65
39122.0,42632.0,45673.0,48400.0,8231.0,桜川市,0,0,Ibaraki Ken,36.3166666667,140.0833333333
40087.0,42147.0,43553.0,44603.0,8230.0,かすみがうら市,0,0,Ibaraki Ken,36.15,140.2333333333
39039.0,42810.0,46895.0,49689.0,8229.0,稲敷市,0,0,Ibaraki Ken,35.95,140.3166666667
52265.0,54087.0,56114.0,57516.0,8228.0,坂東市,0,0,Ibaraki Ken,36.0333333333,139.8833333333
100753.0,104573.0,108527.0,112581.0,8227.0,筑西市,0,0,Ibaraki Ken,36.3,139.9666666667
53502.0,54276.0,54240.0,54705.0,8226.0,那珂市,0,0,Ibaraki Ken,36.45,140.4833333333
39267.0,42587.0,45178.0,47808.0,8225.0,常陸大宮市,0,0,Ibaraki Ken,36.55,140.4
68421.0,64753.0,62482.0,53700.0,8224.0,守谷市,0,0,Ibaraki Ken,35.95,139.9666666667
27604.0,29111.0,30534.0,31524.0,8223.0,潮来市,0,0,Ibaraki Ken,35.9333333333,140.55
66950.0,67879.0,66093.0,64435.0,8222.0,鹿嶋市,0,0,Ibaraki Ken,35.95,140.6333333333
156581.0,155689.0,157060.0,153639.0,8221.0,ひたちなか市,0,0,Ibaraki Ken,36.3833333333,140.5333333333
241656.0,226963.0,214590.0,200528.0,8220.0,つくば市,0,0,Ibaraki Ken,36.0333333333,140.0666666667
84651.0,84317.0,81684.0,77223.0,8219.0,牛久市,0,0,Ibaraki Ken,35.9666666667,140.1333333333
104524.0,106570.0,109651.0,111327.0,8217.0,取手市,0,0,Ibaraki Ken,35.9,140.05
73173.0,76739.0,79409.0,29668.0,8216.0,笠間市,0,0,Ibaraki Ken,36.3333333333,140.3
41801.0,44412.0,47026.0,49645.0,8215.0,北茨城市,0,0,Ibaraki Ken,36.8,140.75
27699.0,29638.0,31017.0,32932.0,8214.0,高萩市,0,0,Ibaraki Ken,36.7,140.7
48602.0,52294.0,56250.0,59802.0,8212.0,常陸太田市,0,0,Ibaraki Ken,36.5333333333,140.5166666667
60834.0,61483.0,65320.0,41867.0,8211.0,常総市,0,0,Ibaraki Ken,36.023556,139.993833
42521.0,43293.0,44987.0,36895.0,8210.0,下妻市,0,0,Ibaraki Ken,36.1833333333,139.9666666667
76420.0,78342.0,80334.0,78950.0,8208.0,龍ケ崎市,0,0,Ibaraki Ken,35.9,140.1666666667
50645.0,51594.0,52494.0,52460.0,8207.0,結城市,0,0,Ibaraki Ken,36.3,139.8666666667
73061.0,76020.0,79687.0,81887.0,8205.0,石岡市,0,0,Ibaraki Ken,36.1833333333,140.2833333333
139344.0,140946.0,142995.0,145265.0,8204.0,古河市,0,0,Ibaraki Ken,36.1666666667,139.75
142074.0,140804.0,143839.0,135058.0,8203.0,土浦市,0,0,Ibaraki Ken,36.0666666667,140.1833333333
174508.0,185054.0,193129.0,199218.0,8202.0,日立市,0,0,Ibaraki Ken,36.5833333333,140.65
270685.0,270783.0,268750.0,262603.0,8201.0,水戸市,0,0,Ibaraki Ken,36.35,140.4666666667
1318.0,41.0,6209.0,6722.0,7564.0,飯舘村,0,0,Fukushima Ken,37.6666666667,140.7333333333
0.0,0.0,0.0,13274.0,7563.0,小高町,1,0,Fukushima Ken,37.56567,140.99217
0.0,0.0,0.0,12107.0,7562.0,鹿島町,1,0,Fukushima Ken,37.7015,140.96606
7905.0,8218.0,8224.0,8584.0,7561.0,新地町,0,0,Fukushima Ken,37.8666666667,140.9166666667
420.0,18.0,1531.0,1625.0,7548.0,葛尾村,0,0,Fukushima Ken,37.5,140.75
1923.0,0.0,20905.0,21615.0,7547.0,浪江町,1,1,Fukushima Ken,37.4833333333,141.0
0.0,0.0,6932.0,7170.0,7546.0,双葉町,1,0,Fukushima Ken,37.4333333333,141.0
847.0,0.0,11515.0,10992.0,7545.0,大熊町,1,1,Fukushima Ken,37.4,140.9833333333
2044.0,2021.0,2820.0,3125.0,7544.0,川内村,0,0,Fukushima Ken,37.3333333333,140.8
2128.0,0.0,16001.0,15910.0,7543.0,富岡町,1,1,Fukushima Ken,37.3333333333,141.0
3710.0,975.0,7700.0,8188.0,7542.0,楢葉町,0,0,Fukushima Ken,37.2666666667,140.9833333333
5412.0,4319.0,5418.0,5533.0,7541.0,広野町,0,0,Fukushima Ken,37.2,140.9833333333
9471.0,10475.0,11202.0,12105.0,7522.0,小野町,0,0,Fukushima Ken,37.2833333333,140.6166666667
17018.0,18304.0,18191.0,19194.0,7521.0,三春町,0,0,Fukushima Ken,37.4333333333,140.4833333333
4825.0,5373.0,6030.0,6511.0,7505.0,古殿町,0,0,Fukushima Ken,37.0833333333,140.55
6036.0,6577.0,6888.0,7272.0,7504.0,浅川町,0,0,Fukushima Ken,37.0666666667,140.4
5826.0,6505.0,6921.0,7538.0,7503.0,平田村,0,0,Fukushima Ken,37.2166666667,140.5666666667
6392.0,6777.0,7231.0,7602.0,7502.0,玉川村,0,0,Fukushima Ken,37.2,140.4
14644.0,15880.0,17775.0,18921.0,7501.0,石川町,0,0,Fukushima Ken,37.1333333333,140.45
3049.0,3577.0,3989.0,4322.0,7484.0,鮫川村,0,0,Fukushima Ken,37.0333333333,140.5
8302.0,9157.0,9884.0,10619.0,7483.0,塙町,0,0,Fukushima Ken,36.95,140.4
5392.0,5950.0,6348.0,6740.0,7482.0,矢祭町,0,0,Fukushima Ken,36.8666666667,140.4166666667
13343.0,14295.0,15062.0,15795.0,7481.0,棚倉町,0,0,Fukushima Ken,37.0166666667,140.3666666667
0.0,0.0,0.0,4789.0,7467.0,大信村,1,0,Fukushima Ken,37.20375,140.24861
17287.0,17370.0,18407.0,18735.0,7466.0,矢吹町,0,0,Fukushima Ken,37.2,140.3333333333
4885.0,5001.0,5154.0,5174.0,7465.0,中島村,0,0,Fukushima Ken,37.1333333333,140.35
6213.0,6495.0,6802.0,6761.0,7464.0,泉崎村,0,0,Fukushima Ken,37.15,140.2833333333
0.0,0.0,0.0,5953.0,7463.0,東村,1,0,Fukushima Ken,37.10214,140.34892
0.0,0.0,0.0,7111.0,7462.0,表郷村,1,0,Fukushima Ken,37.05425,140.30556
20808.0,20322.0,19767.0,19494.0,7461.0,西郷村,0,0,Fukushima Ken,37.1333333333,140.15
19014.0,20913.0,22737.0,24741.0,7447.0,会津美里町,0,0,Fukushima Ken,37.45,139.8333333333
1246.0,1322.0,1500.0,1632.0,7446.0,昭和村,0,0,Fukushima Ken,37.33544,139.61064
1862.0,2189.0,2462.0,2834.0,7445.0,金山町,0,0,Fukushima Ken,37.45369,139.52464
1452.0,1668.0,1926.0,2250.0,7444.0,三島町,0,0,Fukushima Ken,37.4666666667,139.6333333333
0.0,0.0,0.0,9141.0,7424.0,河東町,1,0,Fukushima Ken,37.55172,139.92586
3081.0,3536.0,4009.0,4260.0,7423.0,柳津町,0,0,Fukushima Ken,37.52606,139.71961
3081.0,3206.0,3364.0,3570.0,7422.0,湯川村,0,0,Fukushima Ken,37.55,139.8833333333
15068.0,16303.0,17360.0,18274.0,7421.0,会津坂下町,0,0,Fukushima Ken,37.55,139.8166666667
13552.0,15037.0,15805.0,17009.0,7408.0,猪苗代町,0,0,Fukushima Ken,37.55,140.1
3322.0,3579.0,3761.0,3951.0,7407.0,磐梯町,0,0,Fukushima Ken,37.55,139.9833333333
0.0,0.0,0.0,2321.0,7406.0,高郷村,1,0,Fukushima Ken,37.60367,139.75539
5770.0,6582.0,7366.0,8237.0,7405.0,西会津町,0,0,Fukushima Ken,37.5833333333,139.6333333333
0.0,0.0,0.0,4055.0,7404.0,山都町,1,0,Fukushima Ken,37.64325,139.77014
0.0,0.0,0.0,10354.0,7403.0,塩川町,1,0,Fukushima Ken,37.59644,139.889
2556.0,2831.0,3185.0,3475.0,7402.0,北塩原村,0,0,Fukushima Ken,37.65,139.9333333333
0.0,0.0,0.0,3256.0,7401.0,熱塩加納村,1,0,Fukushima Ken,37.71936,139.87244
14451.0,16264.0,17864.0,0.0,7368.0,南会津町,0,1,Fukushima Ken,37.2,139.7666666667
4044.0,4470.0,4932.0,5284.0,7367.0,只見町,0,0,Fukushima Ken,37.3333333333,139.3
0.0,0.0,0.0,2933.0,7366.0,南郷村,1,0,Fukushima Ken,37.22328,139.53819
0.0,0.0,0.0,1784.0,7365.0,伊南村,1,0,Fukushima Ken,37.17603,139.52542
504.0,615.0,636.0,706.0,7364.0,檜枝岐村,0,0,Fukushima Ken,37.0166666667,139.3833333333
0.0,0.0,0.0,2219.0,7363.0,舘岩村,1,0,Fukushima Ken,37.09256,139.53314
5264.0,5800.0,6461.0,7053.0,7362.0,下郷町,0,0,Fukushima Ken,37.25,139.8666666667
0.0,0.0,0.0,12934.0,7361.0,田島町,1,0,Fukushima Ken,37.20039,139.77322
5194.0,5611.0,6291.0,6486.0,7344.0,天栄村,0,0,Fukushima Ken,37.25,140.2333333333
12318.0,12486.0,12815.0,12746.0,7342.0,鏡石町,0,0,Fukushima Ken,37.25,140.3333333333
0.0,0.0,0.0,7800.0,7326.0,東和町,1,0,Fukushima Ken,37.59758,140.58117
0.0,0.0,0.0,8693.0,7325.0,岩代町,1,0,Fukushima Ken,37.56217,140.50936
0.0,0.0,0.0,9187.0,7324.0,白沢村,1,0,Fukushima Ken,37.50794,140.43661
0.0,0.0,0.0,22180.0,7323.0,本宮町,1,0,Fukushima Ken,37.51317,140.39389
8900.0,8679.0,8574.0,8464.0,7322.0,大玉村,0,0,Fukushima Ken,37.5333333333,140.3666666667
0.0,0.0,0.0,11578.0,7321.0,安達町,1,0,Fukushima Ken,37.60775,140.46111
0.0,0.0,0.0,6488.0,7309.0,飯野町,1,0,Fukushima Ken,37.65725,140.53756
12170.0,14452.0,15569.0,17034.0,7308.0,川俣町,0,0,Fukushima Ken,37.65,140.5833333333
0.0,0.0,0.0,4394.0,7307.0,月舘町,1,0,Fukushima Ken,37.73375,140.60792
0.0,0.0,0.0,9259.0,7306.0,霊山町,1,0,Fukushima Ken,37.77733,140.59608
0.0,0.0,0.0,24521.0,7305.0,保原町,1,0,Fukushima Ken,37.82078,140.55608
0.0,0.0,0.0,20157.0,7304.0,梁川町,1,0,Fukushima Ken,37.84553,140.60136
8639.0,9512.0,10086.0,10692.0,7303.0,国見町,0,0,Fukushima Ken,37.8767,140.5492
0.0,0.0,0.0,10958.0,7302.0,伊達町,1,0,Fukushima Ken,37.82014,140.50833
11459.0,12271.0,12853.0,13411.0,7301.0,桑折町,0,0,Fukushima Ken,37.8333333333,140.5
30236.0,30924.0,31489.0,0.0,7214.0,本宮市,0,1,Fukushima Ken,37.5,140.3833333333
58240.0,62400.0,66027.0,0.0,7213.0,伊達市,0,1,Fukushima Ken,37.819139,140.562972
59005.0,57797.0,70878.0,0.0,7212.0,南相馬市,0,1,Fukushima Ken,37.6333333333,140.95
35169.0,38503.0,40422.0,43253.0,7211.0,田村市,0,0,Fukushima Ken,37.4333333333,140.5666666667
53557.0,58162.0,59871.0,35107.0,7210.0,二本松市,0,0,Fukushima Ken,37.5833333333,140.4166666667
34865.0,38556.0,37817.0,38630.0,7209.0,相馬市,0,0,Fukushima Ken,37.7833333333,140.9166666667
44760.0,49377.0,52356.0,36410.0,7208.0,喜多方市,0,0,Fukushima Ken,37.65,139.8666666667
74992.0,77441.0,79267.0,80364.0,7207.0,須賀川市,0,0,Fukushima Ken,37.2833333333,140.3666666667
0.0,0.0,0.0,47456.0,7206.0,原町市,1,0,Fukushima Ken,37.64219,140.95725
59491.0,61913.0,64704.0,47854.0,7205.0,白河市,0,0,Fukushima Ken,37.1166666667,140.2
332931.0,350237.0,342249.0,354492.0,7204.0,いわき市,0,0,Fukushima Ken,37.05,140.8833333333
327692.0,335444.0,338712.0,338834.0,7203.0,郡山市,0,0,Fukushima Ken,37.4,140.35
117376.0,124062.0,126220.0,122248.0,7202.0,会津若松市,0,0,Fukushima Ken,37.4833333333,139.9166666667
282693.0,294247.0,292590.0,290869.0,7201.0,福島市,0,0,Fukushima Ken,37.75,140.4666666667
0.0,0.0,0.0,6930.0,6464.0,平田町,1,0,Yamagata Ken,38.88878,139.92886
0.0,0.0,0.0,5302.0,6463.0,松山町,1,0,Yamagata Ken,38.85819,139.95464
0.0,0.0,0.0,7067.0,6462.0,八幡町,1,0,Yamagata Ken,38.97111,139.94225
13032.0,14207.0,15480.0,16852.0,6461.0,遊佐町,0,0,Yamagata Ken,39.0,139.9
20151.0,21666.0,23158.0,24677.0,6428.0,庄内町,0,0,Yamagata Ken,38.8333333333,139.9
7601.0,7728.0,7731.0,8003.0,6426.0,三川町,0,0,Yamagata Ken,38.7833333333,139.8333333333
6613.0,7304.0,7943.0,8623.0,6403.0,飯豊町,0,0,Yamagata Ken,38.0333333333,139.9833333333
12890.0,14175.0,15314.0,16331.0,6402.0,白鷹町,0,0,Yamagata Ken,38.1666666667,140.0833333333
7107.0,7868.0,8862.0,9742.0,6401.0,小国町,0,0,Yamagata Ken,38.05,139.7333333333
14558.0,15751.0,17313.0,18769.0,6382.0,川西町,0,0,Yamagata Ken,38.0,140.0333333333
22463.0,23882.0,25025.0,26026.0,6381.0,高畠町,0,0,Yamagata Ken,38.0,140.1833333333
4199.0,4773.0,5304.0,5915.0,6367.0,戸沢村,0,0,Yamagata Ken,38.7333333333,140.1333333333
3902.0,4317.0,4862.0,5447.0,6366.0,鮭川村,0,0,Yamagata Ken,38.7833333333,140.2166666667
3028.0,3412.0,3762.0,4226.0,6365.0,大蔵村,0,0,Yamagata Ken,38.7,140.2166666667
7203.0,8137.0,9165.0,10054.0,6364.0,真室川町,0,0,Yamagata Ken,38.85,140.25
5007.0,5631.0,6164.0,6671.0,6363.0,舟形町,0,0,Yamagata Ken,38.6833333333,140.3166666667
8080.0,8902.0,9847.0,10761.0,6362.0,最上町,0,0,Yamagata Ken,38.75,140.5166666667
5071.0,5829.0,6365.0,6949.0,6361.0,金山町,0,0,Yamagata Ken,38.8833333333,140.3333333333
6577.0,7357.0,8160.0,8824.0,6341.0,大石田町,0,0,Yamagata Ken,38.5833333333,140.3666666667
7646.0,8472.0,9227.0,9915.0,6324.0,大江町,0,0,Yamagata Ken,38.3666666667,140.2
6366.0,7119.0,7856.0,8593.0,6323.0,朝日町,0,0,Yamagata Ken,38.29917,140.14589
4956.0,5636.0,6270.0,6917.0,6322.0,西川町,0,0,Yamagata Ken,38.4166666667,140.1333333333
17641.0,18952.0,19959.0,20738.0,6321.0,河北町,0,0,Yamagata Ken,38.4166666667,140.3
10746.0,11363.0,12015.0,12523.0,6302.0,中山町,0,0,Yamagata Ken,38.3333333333,140.2666666667
13725.0,14369.0,15139.0,15415.0,6301.0,山辺町,0,0,Yamagata Ken,38.2833333333,140.25
30420.0,32285.0,33658.0,35190.0,6213.0,南陽市,0,0,Yamagata Ken,38.05,140.1333333333
14971.0,16953.0,18955.0,20695.0,6212.0,尾花沢市,0,0,Yamagata Ken,38.6,140.4
47682.0,47768.0,46414.0,45834.0,6211.0,東根市,0,0,Yamagata Ken,38.4166666667,140.3833333333
62140.0,62194.0,62214.0,63864.0,6210.0,天童市,0,0,Yamagata Ken,38.35,140.3666666667
26543.0,27757.0,29473.0,30929.0,6209.0,長井市,0,0,Yamagata Ken,38.1,140.0333333333
22516.0,24684.0,26811.0,28192.0,6208.0,村山市,0,0,Yamagata Ken,38.4833333333,140.3666666667
29110.0,31569.0,33836.0,36013.0,6207.0,上山市,0,0,Yamagata Ken,38.1333333333,140.2666666667
40189.0,41256.0,42373.0,43625.0,6206.0,寒河江市,0,0,Yamagata Ken,38.3666666667,140.2666666667
34432.0,36894.0,38850.0,40717.0,6205.0,新庄市,0,0,Yamagata Ken,38.75,140.3
100273.0,106244.0,111151.0,98278.0,6204.0,酒田市,0,0,Yamagata Ken,38.9,139.8333333333
122347.0,129652.0,136623.0,142384.0,6203.0,鶴岡市,0,0,Yamagata Ken,38.7166666667,139.8166666667
81252.0,85953.0,89401.0,93178.0,6202.0,米沢市,0,0,Yamagata Ken,37.9166666667,140.1166666667
247590.0,253832.0,254244.0,256012.0,6201.0,山形市,0,0,Yamagata Ken,38.25,140.3333333333
2704.0,2610.0,2872.0,3180.0,5464.0,東成瀬村,0,0,Akita Ken,39.1666666667,140.6333333333
13825.0,15319.0,16792.0,18267.0,5463.0,羽後町,0,0,Akita Ken,39.1833333333,140.4
18613.0,20279.0,21674.0,23038.0,5434.0,美郷町,0,0,Akita Ken,39.4166666667,140.5333333333
3011.0,3110.0,3218.0,3256.0,5368.0,大潟村,0,0,Akita Ken,40.0166666667,139.95
4566.0,4986.0,5493.0,5847.0,5366.0,井川町,0,0,Akita Ken,39.9,140.0666666667
5583.0,6080.0,6623.0,7093.0,5363.0,八郎潟町,0,0,Akita Ken,39.9333333333,140.0666666667
8538.0,9463.0,10516.0,11678.0,5361.0,五城目町,0,0,Akita Ken,39.9333333333,140.1
6577.0,7309.0,8220.0,0.0,5349.0,八峰町,0,1,Akita Ken,40.3666666667,140.0166666667
15254.0,17078.0,18876.0,0.0,5348.0,三種町,0,1,Akita Ken,40.1,140.0
0.0,0.0,0.0,4610.0,5347.0,峰浜村,1,0,Akita Ken,40.31872,140.03861
2896.0,3359.0,3848.0,4348.0,5346.0,藤里町,0,0,Akita Ken,40.2666666667,140.25
0.0,0.0,0.0,6961.0,5345.0,八竜町,1,0,Akita Ken,40.10161,140.00497
0.0,0.0,0.0,7708.0,5344.0,山本町,1,0,Akita Ken,40.10739,140.07264
0.0,0.0,0.0,4402.0,5343.0,八森町,1,0,Akita Ken,40.36928,140.01744
0.0,0.0,0.0,11155.0,5342.0,二ツ井町,1,0,Akita Ken,40.20544,140.23192
0.0,0.0,0.0,5769.0,5341.0,琴丘町,1,0,Akita Ken,40.04597,140.08156
2063.0,2381.0,2727.0,3107.0,5327.0,上小阿仁村,0,0,Akita Ken,40.05,140.2833333333
4780.0,5339.0,6054.0,6824.0,5303.0,小坂町,0,0,Akita Ken,40.3166666667,140.7333333333
24610.0,27523.0,29568.0,31868.0,5215.0,仙北市,0,0,Akita Ken,39.7,140.7166666667
23435.0,25324.0,27544.0,28972.0,5214.0,にかほ市,0,0,Akita Ken,39.2,139.9
30198.0,33224.0,36387.0,40049.0,5213.0,北秋田市,0,0,Akita Ken,40.2166666667,140.3666666667
77657.0,82783.0,88301.0,93352.0,5212.0,大仙市,0,0,Akita Ken,39.45,140.4666666667
31720.0,33083.0,34442.0,35814.0,5211.0,潟上市,0,0,Akita Ken,39.8833333333,139.9833333333
74707.0,79927.0,85229.0,89555.0,5210.0,由利本荘市,0,0,Akita Ken,39.3833333333,140.0333333333
29088.0,32038.0,34473.0,36753.0,5209.0,鹿角市,0,0,Akita Ken,40.2,140.7833333333
42091.0,46613.0,50849.0,55290.0,5207.0,湯沢市,0,0,Akita Ken,39.15,140.4833333333
25154.0,28375.0,32294.0,35637.0,5206.0,男鹿市,0,0,Akita Ken,39.8833333333,139.8333333333
69237.0,74175.0,78946.0,82504.0,5204.0,大館市,0,0,Akita Ken,40.2666666667,140.55
85555.0,92197.0,98367.0,103652.0,5203.0,横手市,0,0,Akita Ken,39.3,140.55
49968.0,54730.0,59084.0,51703.0,5202.0,能代市,0,0,Akita Ken,40.2,140.0166666667
307672.0,315814.0,323600.0,333109.0,5201.0,秋田市,0,0,Akita Ken,39.7166666667,140.1
12225.0,12370.0,17429.0,18645.0,4606.0,南三陸町,0,0,Miyagi Ken,38.6666666667,141.4333333333
0.0,0.0,0.0,8103.0,4604.0,唐桑町,1,0,Miyagi Ken,38.90331,141.64725
0.0,0.0,0.0,11588.0,4603.0,本吉町,1,0,Miyagi Ken,38.79428,141.50514
6430.0,6334.0,10051.0,10723.0,4581.0,女川町,0,0,Miyagi Ken,38.4333333333,141.4333333333
23994.0,24852.0,25190.0,0.0,4505.0,美里町,0,1,Miyagi Ken,38.544389,141.056694
0.0,0.0,0.0,6718.0,4504.0,南郷町,1,0,Miyagi Ken,38.48844,141.13575
0.0,0.0,0.0,19611.0,4503.0,小牛田町,1,0,Miyagi Ken,38.54439,141.05672
0.0,0.0,0.0,12783.0,4502.0,田尻町,1,0,Miyagi Ken,38.59878,141.05722
15388.0,16701.0,17494.0,18410.0,4501.0,涌谷町,0,0,Miyagi Ken,38.5333333333,141.1166666667
0.0,0.0,0.0,8526.0,4482.0,鳴子町,1,0,Miyagi Ken,38.74486,140.71872
0.0,0.0,0.0,13254.0,4481.0,岩出山町,1,0,Miyagi Ken,38.65197,140.87669
0.0,0.0,0.0,13500.0,4463.0,鹿島台町,1,0,Miyagi Ken,38.47833,141.09775
0.0,0.0,0.0,8330.0,4462.0,三本木町,1,0,Miyagi Ken,38.52019,140.93811
0.0,0.0,0.0,6944.0,4461.0,松山町,1,0,Miyagi Ken,38.51425,141.05975
21943.0,23743.0,25527.0,27212.0,4445.0,加美町,0,0,Miyagi Ken,38.5666666667,140.85
6698.0,7238.0,7431.0,7856.0,4444.0,色麻町,0,0,Miyagi Ken,38.5333333333,140.85
5849.0,5703.0,5334.0,5607.0,4424.0,大衡村,0,0,Miyagi Ken,38.4666666667,140.8666666667
51561.0,51591.0,47042.0,41593.0,4423.0,富谷市,0,0,Miyagi Ken,38.399936,140.895303
7813.0,8370.0,8927.0,9424.0,4422.0,大郷町,0,0,Miyagi Ken,38.4166666667,141.0
28786.0,28244.0,24894.0,24509.0,4421.0,大和町,0,0,Miyagi Ken,38.4333333333,140.8833333333
35182.0,35835.0,33994.0,32257.0,4406.0,利府町,0,0,Miyagi Ken,38.3166666667,140.9666666667
18132.0,18652.0,20416.0,21068.0,4404.0,七ヶ浜町,0,0,Miyagi Ken,38.304528,141.059139
13323.0,14421.0,15085.0,16193.0,4401.0,松島町,0,0,Miyagi Ken,38.3666666667,141.0666666667
12046.0,12315.0,16704.0,17713.0,4362.0,山元町,0,0,Miyagi Ken,37.95,140.8666666667
33087.0,33589.0,34845.0,35132.0,4361.0,亘理町,0,0,Miyagi Ken,38.04417,140.86756
12262.0,13972.0,15501.0,16792.0,4341.0,丸森町,0,0,Miyagi Ken,37.9,140.75
8345.0,9167.0,9978.0,10583.0,4324.0,川崎町,0,0,Miyagi Ken,38.17772,140.64331
38271.0,39525.0,39341.0,39809.0,4323.0,柴田町,0,0,Miyagi Ken,38.05,140.75
10666.0,11501.0,11995.0,12740.0,4322.0,村田町,0,0,Miyagi Ken,38.1166666667,140.7166666667
23571.0,23798.0,23530.0,23335.0,4321.0,大河原町,0,0,Miyagi Ken,38.0333333333,140.7166666667
1262.0,1461.0,1694.0,1871.0,4302.0,七ヶ宿町,0,0,Miyagi Ken,37.992972,140.441583
11418.0,12316.0,12882.0,13318.0,4301.0,蔵王町,0,0,Miyagi Ken,38.0833333333,140.65
51651.0,0.0,0.0,0.0,4216.0,気仙沼市,0,1,Miyagi Ken,38.908056,141.56994
127330.0,133391.0,135147.0,0.0,4215.0,大崎市,0,1,Miyagi Ken,38.5666666667,140.95
39098.0,39503.0,42903.0,43235.0,4214.0,東松島市,0,0,Miyagi Ken,38.4166666667,141.2
64637.0,69906.0,74932.0,80248.0,4213.0,栗原市,0,0,Miyagi Ken,38.7166666667,141.0166666667
76037.0,81959.0,83969.0,89316.0,4212.0,登米市,0,0,Miyagi Ken,38.6833333333,141.1833333333
44068.0,44678.0,44187.0,43921.0,4211.0,岩沼市,0,0,Miyagi Ken,38.1,140.8666666667
62827.0,62096.0,63060.0,62745.0,4209.0,多賀城市,0,0,Miyagi Ken,38.2833333333,141.0
27976.0,30180.0,31336.0,33199.0,4208.0,角田市,0,0,Miyagi Ken,37.9666666667,140.7666666667
78718.0,76668.0,73134.0,68662.0,4207.0,名取市,0,0,Miyagi Ken,38.1666666667,140.8833333333
32758.0,35272.0,37422.0,39492.0,4206.0,白石市,0,0,Miyagi Ken,38.0,140.6166666667
61147.0,64988.0,73489.0,58320.0,4205.0,気仙沼市,0,0,Miyagi Ken,38.9,141.5666666667
0.0,0.0,0.0,75154.0,4204.0,古川市,1,0,Miyagi Ken,38.583513,140.941682
52203.0,54187.0,56490.0,59357.0,4203.0,塩竈市,0,0,Miyagi Ken,38.3,141.0166666667
140151.0,147214.0,160826.0,167324.0,4202.0,石巻市,0,0,Miyagi Ken,38.4166666667,141.3
1096704.0,1082159.0,1045986.0,1025098.0,4100.0,仙台市,0,0,Miyagi Ken,38.2666666667,140.8666666667
11494.0,12919.0,14187.0,15549.0,3524.0,一戸町,0,0,Iwate Ken,40.2,141.2833333333
0.0,0.0,0.0,4981.0,3521.0,浄法寺町,1,0,Iwate Ken,40.183592,141.155911
15091.0,16693.0,17913.0,0.0,3507.0,洋野町,0,1,Iwate Ken,40.4,141.7166666667
5378.0,5865.0,6507.0,6974.0,3506.0,九戸村,0,0,Iwate Ken,40.2,141.4166666667
0.0,0.0,0.0,6036.0,3505.0,大野村,1,0,Iwate Ken,40.28425,141.62483
0.0,0.0,0.0,3132.0,3504.0,山形村,1,0,Iwate Ken,40.14833,141.57153
3936.0,4149.0,4632.0,5019.0,3503.0,野田村,0,0,Iwate Ken,40.1,141.8166666667
0.0,0.0,0.0,13488.0,3502.0,種市町,1,0,Iwate Ken,40.40831,141.71864
8421.0,9333.0,10209.0,10997.0,3501.0,軽米町,0,0,Iwate Ken,40.3166666667,141.45
0.0,0.0,0.0,3338.0,3487.0,川井村,1,0,Iwate Ken,39.60017,141.67956
2487.0,2795.0,3088.0,3358.0,3485.0,普代村,0,0,Iwate Ken,40.0,141.8833333333
3059.0,3466.0,3843.0,4241.0,3484.0,田野畑村,0,0,Iwate Ken,39.9166666667,141.8833333333
8726.0,9841.0,10804.0,11914.0,3483.0,岩泉町,0,0,Iwate Ken,39.8333333333,141.7833333333
14320.0,15826.0,18617.0,20142.0,3482.0,山田町,0,0,Iwate Ken,39.4666666667,141.9333333333
11004.0,11759.0,15276.0,16516.0,3461.0,大槌町,0,0,Iwate Ken,39.35,141.9
5045.0,5720.0,6190.0,6848.0,3441.0,住田町,0,0,Iwate Ken,39.1333333333,141.5666666667
0.0,0.0,9064.0,9904.0,3422.0,藤沢町,1,0,Iwate Ken,38.85853,141.34928
7252.0,7868.0,8345.0,8819.0,3402.0,平泉町,0,0,Iwate Ken,38.9833333333,141.1
0.0,0.0,0.0,4955.0,3384.0,衣川村,1,0,Iwate Ken,39.03947,141.06769
0.0,0.0,0.0,17302.0,3383.0,胆沢町,1,0,Iwate Ken,39.11711,141.06994
0.0,0.0,0.0,15131.0,3382.0,前沢町,1,0,Iwate Ken,39.05106,141.12422
15535.0,15895.0,16325.0,16396.0,3381.0,金ケ崎町,0,0,Iwate Ken,39.1833333333,141.1
5134.0,5880.0,6602.0,0.0,3366.0,西和賀町,0,1,Iwate Ken,39.3166666667,140.7666666667
0.0,0.0,0.0,3665.0,3365.0,沢内村,1,0,Iwate Ken,39.43461,140.75008
0.0,0.0,0.0,3710.0,3363.0,湯田町,1,0,Iwate Ken,39.31789,140.77883
0.0,0.0,0.0,10054.0,3361.0,東和町,1,0,Iwate Ken,39.38686,141.22808
0.0,0.0,0.0,15982.0,3342.0,石鳥谷町,1,0,Iwate Ken,39.48394,141.14706
0.0,0.0,0.0,6585.0,3341.0,大迫町,1,0,Iwate Ken,39.46906,141.29128
28056.0,27678.0,27205.0,27085.0,3322.0,矢巾町,0,0,Iwate Ken,39.6,141.1333333333
32147.0,32614.0,33288.0,33692.0,3321.0,紫波町,0,0,Iwate Ken,39.55,141.1666666667
0.0,0.0,0.0,13554.0,3307.0,玉山村,1,0,Iwate Ken,39.847014,141.166367
0.0,0.0,53857.0,53560.0,3305.0,滝沢村,1,0,Iwate Ken,39.73469,141.07706
12285.0,13692.0,14984.0,16254.0,3303.0,岩手町,0,0,Iwate Ken,39.9666666667,141.2
5634.0,6344.0,7304.0,8021.0,3302.0,葛巻町,0,0,Iwate Ken,40.0333333333,141.4333333333
15731.0,16981.0,18033.0,19055.0,3301.0,雫石町,0,0,Iwate Ken,39.6833333333,140.9666666667
55579.0,55463.0,0.0,0.0,3216.0,滝沢市,0,1,Iwate Ken,39.733333333333334,141.06666666666666
112937.0,119422.0,124746.0,0.0,3215.0,奥州市,0,1,Iwate Ken,39.1333333333,141.1333333333
24023.0,26355.0,28680.0,31079.0,3214.0,八幡平市,0,0,Iwate Ken,39.9166666667,141.0833333333
25513.0,27611.0,29702.0,26496.0,3213.0,二戸市,0,0,Iwate Ken,40.2666666667,141.3
0.0,0.0,0.0,32544.0,3212.0,江刺市,1,0,Iwate Ken,39.19147,141.17361
32078.0,36802.0,39574.0,42987.0,3211.0,釜石市,0,0,Iwate Ken,39.2666666667,141.8833333333
18262.0,19758.0,23300.0,24709.0,3210.0,陸前高田市,0,0,Iwate Ken,39.0,141.6166666667
111932.0,121583.0,118578.0,125818.0,3209.0,一関市,0,0,Iwate Ken,38.9333333333,141.1166666667
25366.0,28062.0,29331.0,31402.0,3208.0,遠野市,0,0,Iwate Ken,39.3166666667,141.5333333333
33043.0,35642.0,36872.0,36009.0,3207.0,久慈市,0,0,Iwate Ken,40.1833333333,141.7666666667
93045.0,93511.0,93138.0,94321.0,3206.0,北上市,0,0,Iwate Ken,39.2833333333,141.1
93193.0,97702.0,101438.0,72407.0,3205.0,花巻市,0,0,Iwate Ken,39.3833333333,141.1166666667
0.0,0.0,0.0,60239.0,3204.0,水沢市,1,0,Iwate Ken,39.143806,141.138972
34728.0,38058.0,40737.0,43331.0,3203.0,大船渡市,0,0,Iwate Ken,39.0666666667,141.7
50369.0,56676.0,59430.0,60250.0,3202.0,宮古市,0,0,Iwate Ken,39.6333333333,141.95
289731.0,297631.0,298348.0,287192.0,3201.0,盛岡市,0,0,Iwate Ken,39.7,141.15
2197.0,2509.0,2851.0,3143.0,2450.0,新郷村,0,0,Aomori Ken,40.45,141.1666666667
0.0,0.0,0.0,7024.0,2447.0,福地村,1,0,Aomori Ken,40.4667,141.3819
13496.0,14025.0,14699.0,15356.0,2446.0,階上町,0,0,Aomori Ken,40.45,141.6166666667
16809.0,18312.0,19853.0,5834.0,2445.0,南部町,0,0,Aomori Ken,40.4206,141.3303
0.0,0.0,0.0,8694.0,2444.0,名川町,1,0,Aomori Ken,40.42119,141.33725
4968.0,5554.0,6175.0,6883.0,2443.0,田子町,0,0,Aomori Ken,40.3333333333,141.15
16042.0,17433.0,18712.0,20138.0,2442.0,五戸町,0,0,Aomori Ken,40.5166666667,141.3
9082.0,10135.0,11299.0,12261.0,2441.0,三戸町,0,0,Aomori Ken,40.3666666667,141.25
1788.0,2148.0,2422.0,2843.0,2426.0,佐井村,0,0,Aomori Ken,41.4166666667,140.85
1636.0,1976.0,2463.0,2603.0,2425.0,風間浦村,0,0,Aomori Ken,41.4833333333,140.9833333333
5955.0,6607.0,7252.0,8042.0,2424.0,東通村,0,0,Aomori Ken,41.2666666667,141.3166666667
4718.0,5227.0,6340.0,6212.0,2423.0,大間町,0,0,Aomori Ken,41.5166666667,140.9
24273.0,24222.0,24211.0,0.0,2412.0,おいらせ町,0,1,Aomori Ken,40.5833333333,141.3833333333
10367.0,10536.0,11095.0,11401.0,2411.0,六ヶ所村,0,0,Aomori Ken,40.9666666667,141.3666666667
0.0,0.0,0.0,14171.0,2410.0,下田町,1,0,Aomori Ken,40.59911,141.39783
16428.0,17955.0,19106.0,20016.0,2408.0,東北町,0,0,Aomori Ken,40.7166666667,141.25
4229.0,4535.0,4881.0,5097.0,2406.0,横浜町,0,0,Aomori Ken,41.0833333333,141.2333333333
10447.0,10423.0,10241.0,10430.0,2405.0,六戸町,0,0,Aomori Ken,40.6,141.3166666667
0.0,0.0,0.0,10001.0,2403.0,百石町,1,0,Aomori Ken,40.59508,141.42833
14556.0,15709.0,16759.0,18471.0,2402.0,七戸町,0,0,Aomori Ken,40.7333333333,141.15
12374.0,13524.0,14314.0,15218.0,2401.0,野辺地町,0,0,Aomori Ken,40.85,141.1166666667
9657.0,11187.0,12743.0,14184.0,2387.0,中泊町,0,0,Aomori Ken,40.95,140.4333333333
12074.0,13392.0,14270.0,15218.0,2384.0,鶴田町,0,0,Aomori Ken,40.75,140.4166666667
12700.0,13935.0,15227.0,16222.0,2381.0,板柳町,0,0,Aomori Ken,40.6833333333,140.45
0.0,0.0,0.0,3166.0,2368.0,碇ヶ関村,1,0,Aomori Ken,40.47581,140.62933
7326.0,7783.0,8153.0,8541.0,2367.0,田舎館村,0,0,Aomori Ken,40.6166666667,140.55
0.0,0.0,0.0,22060.0,2365.0,平賀町,1,0,Aomori Ken,40.58381,140.56644
0.0,0.0,0.0,10110.0,2363.0,尾上町,1,0,Aomori Ken,40.61517,140.57283
8665.0,9676.0,10978.0,11921.0,2362.0,大鰐町,0,0,Aomori Ken,40.5166666667,140.5666666667
14573.0,15179.0,16021.0,16495.0,2361.0,藤崎町,0,0,Aomori Ken,40.65,140.5
1265.0,1415.0,1594.0,1597.0,2343.0,西目屋村,0,0,Aomori Ken,40.5666666667,140.2833333333
0.0,0.0,0.0,3840.0,2342.0,相馬村,1,0,Aomori Ken,40.58531,140.39717
0.0,0.0,0.0,11982.0,2341.0,岩木町,1,0,Aomori Ken,40.61633,140.42147
7346.0,8429.0,9691.0,10910.0,2323.0,深浦町,0,0,Aomori Ken,40.6333333333,139.9166666667
9044.0,10126.0,11449.0,12662.0,2321.0,鰺ヶ沢町,0,0,Aomori Ken,40.779917,140.208667
5401.0,6198.0,7089.0,8215.0,2307.0,外ヶ浜町,0,0,Aomori Ken,41.0333333333,140.6166666667
2540.0,2896.0,3271.0,3405.0,2304.0,蓬田村,0,0,Aomori Ken,40.9666666667,140.65
2334.0,2756.0,3217.0,3816.0,2303.0,今別町,0,0,Aomori Ken,41.1666666667,140.4666666667
10126.0,11142.0,12361.0,13483.0,2301.0,平内町,0,0,Aomori Ken,40.9166666667,140.95
30567.0,32106.0,33764.0,0.0,2210.0,平川市,0,1,Aomori Ken,40.5833333333,140.55
30934.0,33316.0,37243.0,40091.0,2209.0,つがる市,0,0,Aomori Ken,40.8,140.3666666667
54103.0,58493.0,61066.0,64052.0,2208.0,むつ市,0,0,Aomori Ken,41.2833333333,141.1833333333
39152.0,40196.0,41258.0,42425.0,2207.0,三沢市,0,0,Aomori Ken,40.6833333333,141.3666666667
60378.0,63429.0,66110.0,68359.0,2206.0,十和田市,0,0,Aomori Ken,40.6,141.2
51415.0,55181.0,58421.0,62181.0,2205.0,五所川原市,0,0,Aomori Ken,40.8,140.4333333333
31946.0,34284.0,36132.0,38455.0,2204.0,黒石市,0,0,Aomori Ken,40.6333333333,140.5833333333
223415.0,231257.0,237615.0,244700.0,2203.0,八戸市,0,0,Aomori Ken,40.5,141.4833333333
168466.0,177411.0,183473.0,173221.0,2202.0,弘前市,0,0,Aomori Ken,40.6,140.45
275192.0,287648.0,299520.0,311508.0,2201.0,青森市,0,0,Aomori Ken,40.8166666667,140.7333333333
4722.0,5415.0,5885.0,6540.0,1694.0,羅臼町,0,0,Hokkaido,44.0166666667,145.1833333333
5023.0,5242.0,5646.0,6063.0,1693.0,標津町,0,0,Hokkaido,43.65,145.1166666667
23010.0,23774.0,23982.0,23792.0,1692.0,中標津町,0,0,Hokkaido,43.55,144.9666666667
14380.0,15273.0,15855.0,16460.0,1691.0,別海町,0,0,Hokkaido,43.3833333333,145.1166666667
0.0,0.0,0.0,2632.0,1669.0,音別町,1,0,Hokkaido,42.8898,143.9313
7289.0,8068.0,9294.0,10397.0,1668.0,白糠町,0,0,Hokkaido,42.95,144.0666666667
2558.0,2534.0,2627.0,2672.0,1667.0,鶴居村,0,0,Hokkaido,43.2166666667,144.3166666667
0.0,0.0,0.0,6330.0,1666.0,阿寒町,1,0,Hokkaido,43.1126,144.1236
6955.0,7758.0,8278.0,9023.0,1665.0,弟子屈町,0,0,Hokkaido,43.4833333333,144.45
7230.0,7742.0,8285.0,8936.0,1664.0,標茶町,0,0,Hokkaido,43.3,144.6
5507.0,6061.0,6511.0,7005.0,1663.0,浜中町,0,0,Hokkaido,43.0666666667,145.1166666667
8892.0,9778.0,10630.0,11525.0,1662.0,厚岸町,0,0,Hokkaido,43.05,144.8333333333
19105.0,19833.0,20526.0,21855.0,1661.0,釧路町,0,0,Hokkaido,42.9833333333,144.45
4387.0,4919.0,5460.0,6068.0,1649.0,浦幌町,0,0,Hokkaido,42.8,143.65
2264.0,2482.0,2650.0,2956.0,1648.0,陸別町,0,0,Hokkaido,43.4666666667,143.7333333333
6563.0,6990.0,7630.0,8317.0,1647.0,足寄町,0,0,Hokkaido,43.2333333333,143.55
6618.0,7358.0,8275.0,9072.0,1646.0,本別町,0,0,Hokkaido,43.1166666667,143.6
3022.0,3182.0,3394.0,3732.0,1645.0,豊頃町,0,0,Hokkaido,42.8,143.5
6294.0,6882.0,7527.0,8193.0,1644.0,池田町,0,0,Hokkaido,42.929,143.44847
25766.0,26760.0,26547.0,25083.0,1643.0,幕別町,0,0,Hokkaido,42.9,143.35
6387.0,7030.0,7881.0,8325.0,1642.0,広尾町,0,0,Hokkaido,42.2833333333,143.3
5420.0,5738.0,5977.0,6407.0,1641.0,大樹町,0,0,Hokkaido,42.4833333333,143.2666666667
0.0,0.0,0.0,1785.0,1640.0,忠類村,1,0,Hokkaido,42.56739,143.31097
3080.0,3185.0,3391.0,3326.0,1639.0,更別村,0,0,Hokkaido,42.65,143.1833333333
3884.0,3966.0,4006.0,3983.0,1638.0,中札内村,0,0,Hokkaido,42.6833333333,143.1166666667
18048.0,18484.0,18905.0,18300.0,1637.0,芽室町,0,0,Hokkaido,42.9,143.05
9094.0,9599.0,9961.0,10464.0,1636.0,清水町,0,0,Hokkaido,43.01131,142.88461
5817.0,6288.0,6653.0,7243.0,1635.0,新得町,0,0,Hokkaido,43.0666666667,142.8333333333
5266.0,5542.0,5702.0,5876.0,1634.0,鹿追町,0,0,Hokkaido,43.0833333333,142.9833333333
4778.0,4765.0,5080.0,5229.0,1633.0,上士幌町,0,0,Hokkaido,43.2166666667,143.2833333333
5848.0,6132.0,6416.0,6755.0,1632.0,士幌町,0,0,Hokkaido,43.1666666667,143.2333333333
43576.0,44807.0,45085.0,42452.0,1631.0,音更町,0,0,Hokkaido,42.9833333333,143.1833333333
21517.0,23231.0,25419.0,0.0,1610.0,新ひだか町,0,1,Hokkaido,42.3333333333,142.3666666667
4374.0,4906.0,5413.0,5796.0,1609.0,えりも町,0,0,Hokkaido,42.0,143.1333333333
4043.0,4518.0,5114.0,5711.0,1608.0,様似町,0,0,Hokkaido,42.1166666667,142.9333333333
12074.0,13075.0,14389.0,15698.0,1607.0,浦河町,0,0,Hokkaido,42.1666666667,142.7666666667
0.0,0.0,0.0,4798.0,1606.0,三石町,1,0,Hokkaido,42.24833,142.56031
0.0,0.0,0.0,22467.0,1605.0,静内町,1,0,Hokkaido,42.34128,142.36858
5309.0,5592.0,5775.0,6034.0,1604.0,新冠町,0,0,Hokkaido,42.35,142.3166666667
0.0,0.0,0.0,12635.0,1603.0,門別町,1,0,Hokkaido,42.4801,142.0746
4776.0,5315.0,5596.0,6173.0,1602.0,平取町,0,0,Hokkaido,42.5833333333,142.1166666667
11279.0,12378.0,13615.0,2095.0,1601.0,日高町,0,0,Hokkaido,42.48031,142.07428
7651.0,8596.0,9746.0,0.0,1586.0,むかわ町,0,1,Hokkaido,42.5666666667,141.9166666667
7340.0,8148.0,8726.0,0.0,1585.0,安平町,0,1,Hokkaido,42.75,141.8166666667
8442.0,9299.0,10132.0,0.0,1584.0,洞爺湖町,0,1,Hokkaido,42.55,140.75
0.0,0.0,0.0,3837.0,1583.0,穂別町,1,0,Hokkaido,42.76122,142.13375
0.0,0.0,0.0,6765.0,1582.0,鵡川町,1,0,Hokkaido,42.57475,141.92675
4432.0,4838.0,4890.0,5240.0,1581.0,厚真町,0,0,Hokkaido,42.7166666667,141.8666666667
0.0,0.0,0.0,3906.0,1580.0,追分町,1,0,Hokkaido,42.87167,141.81458
0.0,0.0,0.0,5225.0,1579.0,早来町,1,0,Hokkaido,42.76281,141.81806
16212.0,17740.0,19376.0,20748.0,1578.0,白老町,0,0,Hokkaido,42.55,141.35
2743.0,2922.0,3232.0,3473.0,1575.0,壮瞥町,0,0,Hokkaido,42.55,140.8833333333
0.0,0.0,0.0,1843.0,1574.0,大滝村,1,0,Hokkaido,42.67169,141.07953
0.0,0.0,0.0,2154.0,1573.0,洞爺村,1,0,Hokkaido,42.64728,140.83436
0.0,0.0,0.0,9189.0,1572.0,虻田町,1,0,Hokkaido,42.55122,140.76414
3821.0,4291.0,4528.0,4771.0,1571.0,豊浦町,0,0,Hokkaido,42.5833333333,140.7
6775.0,7360.0,7933.0,0.0,1564.0,大空町,0,1,Hokkaido,43.9,144.1666666667
4199.0,4525.0,4939.0,5507.0,1563.0,雄武町,0,0,Hokkaido,44.5666666667,142.95
1053.0,1116.0,1135.0,1224.0,1562.0,西興部村,0,0,Hokkaido,44.3166666667,142.9333333333
3628.0,3909.0,4301.0,4589.0,1561.0,興部町,0,0,Hokkaido,44.4666666667,143.1166666667
2421.0,2721.0,3028.0,3366.0,1560.0,滝上町,0,0,Hokkaido,44.1833333333,143.0666666667
8270.0,9231.0,10041.0,4917.0,1559.0,湧別町,0,0,Hokkaido,44.2166666667,143.6
0.0,0.0,0.0,5841.0,1558.0,上湧別町,1,0,Hokkaido,44.15144,143.57289
19241.0,20873.0,22265.0,23648.0,1555.0,遠軽町,0,0,Hokkaido,44.05,143.5166666667
0.0,0.0,0.0,4781.0,1553.0,常呂町,1,0,Hokkaido,44.12064,144.07119
4875.0,5362.0,5892.0,6393.0,1552.0,佐呂間町,0,0,Hokkaido,44.0166666667,143.7666666667
0.0,0.0,0.0,8400.0,1551.0,留辺蘂町,1,0,Hokkaido,43.78836,143.61517
2775.0,3092.0,3428.0,3699.0,1550.0,置戸町,0,0,Hokkaido,43.6666666667,143.5833333333
4677.0,5100.0,5435.0,5981.0,1549.0,訓子府町,0,0,Hokkaido,43.7166666667,143.7333333333
0.0,0.0,0.0,5469.0,1548.0,端野町,1,0,Hokkaido,43.86092,143.94697
4623.0,5085.0,5358.0,5753.0,1547.0,小清水町,0,0,Hokkaido,43.85,144.45
3883.0,4221.0,4551.0,5025.0,1546.0,清里町,0,0,Hokkaido,43.8333333333,144.5833333333
11418.0,12231.0,13045.0,13431.0,1545.0,斜里町,0,0,Hokkaido,43.9,144.6666666667
4373.0,5008.0,5646.0,6222.0,1544.0,津別町,0,0,Hokkaido,43.7,144.0166666667
18697.0,20296.0,21575.0,22819.0,1543.0,美幌町,0,0,Hokkaido,43.8166666667,144.1
0.0,0.0,0.0,5715.0,1542.0,女満別町,1,0,Hokkaido,43.91186,144.17247
0.0,0.0,0.0,2677.0,1541.0,東藻琴村,1,0,Hokkaido,43.84147,144.29453
2371.0,2447.0,2677.0,0.0,1520.0,幌延町,0,1,Hokkaido,45.018056,141.849722
2458.0,2787.0,3037.0,3239.0,1519.0,利尻富士町,0,0,Hokkaido,45.2333333333,141.2
2004.0,2303.0,2590.0,2951.0,1518.0,利尻町,0,0,Hokkaido,45.1833333333,141.1333333333
2509.0,2773.0,3078.0,3410.0,1517.0,礼文町,0,0,Hokkaido,45.3,141.0333333333
3974.0,4054.0,4378.0,4850.0,1516.0,豊富町,0,0,Hokkaido,45.1,141.7666666667
0.0,0.0,0.0,2281.0,1515.0,歌登町,1,0,Hokkaido,44.84167,142.48031
7565.0,8437.0,9125.0,7534.0,1514.0,枝幸町,0,0,Hokkaido,44.9333333333,142.5666666667
1637.0,1757.0,1974.0,2289.0,1513.0,中頓別町,0,0,Hokkaido,44.9666666667,142.2833333333
3448.0,3881.0,4168.0,4582.0,1512.0,浜頓別町,0,0,Hokkaido,45.1166666667,142.35
2611.0,2684.0,2825.0,2940.0,1511.0,猿払村,0,0,Hokkaido,45.3166666667,142.1
0.0,0.0,0.0,2784.0,1488.0,幌延町,1,0,Hokkaido,45.0166666667,141.8333333333
2950.0,3243.0,3780.0,4030.0,1487.0,天塩町,0,0,Hokkaido,44.8833333333,141.7333333333
2520.0,2806.0,3084.0,3421.0,1486.0,遠別町,0,0,Hokkaido,44.7166666667,141.7833333333
1080.0,1217.0,1369.0,1511.0,1485.0,初山別村,0,0,Hokkaido,44.5166666667,141.75
6548.0,7327.0,7964.0,8740.0,1484.0,羽幌町,0,0,Hokkaido,44.35,141.6833333333
2936.0,3265.0,3656.0,4202.0,1483.0,苫前町,0,0,Hokkaido,44.3,141.65
2994.0,3336.0,3717.0,4272.0,1482.0,小平町,0,0,Hokkaido,44.0,141.65
3908.0,4497.0,5078.0,5708.0,1481.0,増毛町,0,0,Hokkaido,43.85,141.5166666667
1370.0,1525.0,1710.0,0.0,1472.0,幌加内町,0,1,Hokkaido,44.016667,142.15
1528.0,1767.0,1907.0,2106.0,1471.0,中川町,0,0,Hokkaido,44.8,142.0666666667
706.0,832.0,995.0,1070.0,1470.0,音威子府村,0,0,Hokkaido,44.7166666667,142.25
4145.0,4659.0,5178.0,5512.0,1469.0,美深町,0,0,Hokkaido,44.4666666667,142.3333333333
3126.0,3547.0,3775.0,4146.0,1468.0,下川町,0,0,Hokkaido,44.3,142.6333333333
0.0,0.0,0.0,5038.0,1467.0,風連町,1,0,Hokkaido,44.29222,142.41414
2926.0,3228.0,3565.0,3952.0,1465.0,剣淵町,0,0,Hokkaido,44.0833333333,142.35
3192.0,3596.0,3832.0,4238.0,1464.0,和寒町,0,0,Hokkaido,44.0166666667,142.4
1306.0,1211.0,1394.0,1819.0,1463.0,占冠村,0,0,Hokkaido,42.9666666667,142.3833333333
2376.0,2555.0,2814.0,2947.0,1462.0,南富良野町,0,0,Hokkaido,43.15,142.5666666667
4733.0,5069.0,5477.0,5707.0,1461.0,中富良野町,0,0,Hokkaido,43.4,142.4166666667
10348.0,10826.0,11545.0,12352.0,1460.0,上富良野町,0,0,Hokkaido,43.45,142.4666666667
9668.0,10292.0,10956.0,11628.0,1459.0,美瑛町,0,0,Hokkaido,43.5833333333,142.4666666667
8314.0,8111.0,7859.0,7701.0,1458.0,東川町,0,0,Hokkaido,43.6833333333,142.5
3500.0,4044.0,4532.0,5176.0,1457.0,上川町,0,0,Hokkaido,43.8333333333,142.7666666667
2605.0,2976.0,3328.0,3739.0,1456.0,愛別町,0,0,Hokkaido,43.9,142.5666666667
3520.0,3777.0,4042.0,4340.0,1455.0,比布町,0,0,Hokkaido,43.8666666667,142.4666666667
6319.0,6689.0,7087.0,7473.0,1454.0,当麻町,0,0,Hokkaido,43.8166666667,142.5
10127.0,10233.0,9292.0,9194.0,1453.0,東神楽町,0,0,Hokkaido,43.6833333333,142.45
6567.0,7018.0,7345.0,7261.0,1452.0,鷹栖町,0,0,Hokkaido,43.8333333333,142.35
0.0,0.0,0.0,1952.0,1439.0,幌加内町,1,0,Hokkaido,44.0,142.15
2909.0,3181.0,3612.0,4041.0,1438.0,沼田町,0,0,Hokkaido,43.8,141.9333333333
1724.0,1981.0,2193.0,2376.0,1437.0,北竜町,0,0,Hokkaido,43.7166666667,141.8666666667
2389.0,2749.0,3049.0,3316.0,1436.0,雨竜町,0,0,Hokkaido,43.6333333333,141.8833333333
2329.0,2513.0,2730.0,3003.0,1434.0,秩父別町,0,0,Hokkaido,43.7666666667,141.95
2693.0,3091.0,3462.0,3943.0,1433.0,妹背牛町,0,0,Hokkaido,43.7,141.95
6484.0,6831.0,7249.0,7684.0,1432.0,新十津川町,0,0,Hokkaido,43.5333333333,141.8666666667
1732.0,1985.0,2206.0,2417.0,1431.0,浦臼町,0,0,Hokkaido,43.4166666667,141.8166666667
3691.0,4577.0,4859.0,4785.0,1430.0,月形町,0,0,Hokkaido,43.3333333333,141.6666666667
11272.0,12344.0,13340.0,14352.0,1429.0,栗山町,0,0,Hokkaido,43.05,141.7833333333
10289.0,11076.0,11691.0,12401.0,1428.0,長沼町,0,0,Hokkaido,43.0,141.6833333333
4822.0,5314.0,5896.0,6477.0,1427.0,由仁町,0,0,Hokkaido,42.9833333333,141.7833333333
2841.0,3479.0,4086.0,4770.0,1425.0,上砂川町,0,0,Hokkaido,43.4666666667,141.9666666667
5120.0,5674.0,6194.0,6836.0,1424.0,奈井江町,0,0,Hokkaido,43.4166666667,141.8666666667
7319.0,7927.0,8778.0,9564.0,1423.0,南幌町,0,0,Hokkaido,43.05,141.65
0.0,0.0,0.0,6857.0,1422.0,栗沢町,1,0,Hokkaido,43.12197,141.74611
0.0,0.0,0.0,3618.0,1421.0,北村,1,0,Hokkaido,43.26222,141.69594
1165.0,1121.0,1262.0,1310.0,1409.0,赤井川村,0,0,Hokkaido,43.0833333333,140.8
18000.0,19607.0,21258.0,22734.0,1408.0,余市町,0,0,Hokkaido,43.1833333333,140.7833333333
3180.0,3498.0,3800.0,3967.0,1407.0,仁木町,0,0,Hokkaido,43.15,140.75
2745.0,3188.0,3611.0,4021.0,1406.0,古平町,0,0,Hokkaido,43.25,140.6333333333
1831.0,2115.0,2516.0,2860.0,1405.0,積丹町,0,0,Hokkaido,43.2833333333,140.5833333333
870.0,1004.0,1122.0,1319.0,1404.0,神恵内村,0,0,Hokkaido,43.1333333333,140.4166666667
1569.0,1771.0,1883.0,2185.0,1403.0,泊村,0,0,Hokkaido,43.05,140.4833333333
11648.0,13042.0,14451.0,15744.0,1402.0,岩内町,0,0,Hokkaido,42.9666666667,140.5
5772.0,6224.0,6428.0,7112.0,1401.0,共和町,0,0,Hokkaido,42.9666666667,140.6
15129.0,15018.0,15568.0,16176.0,1400.0,倶知安町,0,0,Hokkaido,42.9,140.75
2941.0,3187.0,3811.0,3583.0,1399.0,京極町,0,0,Hokkaido,42.85,140.8833333333
2156.0,2294.0,2490.0,2707.0,1398.0,喜茂別町,0,0,Hokkaido,42.7833333333,140.9333333333
1911.0,1907.0,2034.0,2165.0,1397.0,留寿都村,0,0,Hokkaido,42.7333333333,140.8666666667
2045.0,2103.0,2189.0,2354.0,1396.0,真狩村,0,0,Hokkaido,42.75,140.8
5074.0,4958.0,4823.0,4669.0,1395.0,ニセコ町,0,0,Hokkaido,42.8,140.6833333333
4568.0,4843.0,5292.0,5802.0,1394.0,蘭越町,0,0,Hokkaido,42.8,140.5166666667
2791.0,3082.0,3250.0,3457.0,1393.0,黒松内町,0,0,Hokkaido,42.6666666667,140.3
2838.0,3137.0,3443.0,3744.0,1392.0,寿都町,0,0,Hokkaido,42.7833333333,140.2166666667
1356.0,1499.0,1781.0,1996.0,1391.0,島牧村,0,0,Hokkaido,42.7,140.05
7398.0,8473.0,9590.0,10748.0,1371.0,せたな町,0,0,Hokkaido,42.4,139.8666666667
5072.0,5628.0,6186.0,6466.0,1370.0,今金町,0,0,Hokkaido,42.4166666667,140.0
2410.0,2690.0,3033.0,3643.0,1367.0,奥尻町,0,0,Hokkaido,42.1666666667,139.5
3403.0,3906.0,4408.0,4816.0,1364.0,乙部町,0,0,Hokkaido,41.9666666667,140.1333333333
3592.0,4049.0,4409.0,4775.0,1363.0,厚沢部町,0,0,Hokkaido,41.9166666667,140.2166666667
4306.0,4876.0,5428.0,6417.0,1362.0,上ノ国町,0,0,Hokkaido,41.8,140.1166666667
7428.0,8248.0,9004.0,10131.0,1361.0,江差町,0,0,Hokkaido,41.8666666667,140.1166666667
5109.0,5926.0,6386.0,7003.0,1347.0,長万部町,0,0,Hokkaido,42.5,140.3666666667
15826.0,17252.0,18896.0,20131.0,1346.0,八雲町,0,0,Hokkaido,42.25,140.25
14338.0,15946.0,17859.0,19149.0,1345.0,森町,0,0,Hokkaido,42.10497,140.57642
3760.0,4226.0,4767.0,4919.0,1343.0,鹿部町,0,0,Hokkaido,42.0333333333,140.8
27686.0,28120.0,28463.0,28424.0,1337.0,七飯町,0,0,Hokkaido,41.8833333333,140.6833333333
0.0,0.0,0.0,10798.0,1336.0,大野町,1,0,Hokkaido,41.88347,140.64375
0.0,0.0,0.0,37258.0,1335.0,上磯町,1,0,Hokkaido,41.8242,140.6531
3832.0,4547.0,5341.0,6024.0,1334.0,木古内町,0,0,Hokkaido,41.6666666667,140.4333333333
4167.0,4653.0,5074.0,5447.0,1333.0,知内町,0,0,Hokkaido,41.5833333333,140.4166666667
3794.0,4422.0,5114.0,5897.0,1332.0,福島町,0,0,Hokkaido,41.4833333333,140.25
6260.0,7337.0,8748.0,10121.0,1331.0,松前町,0,0,Hokkaido,41.42994,140.11033
3044.0,3329.0,3515.0,3737.0,1304.0,新篠津村,0,0,Hokkaido,43.2166666667,141.6333333333
15916.0,17278.0,18766.0,19982.0,1303.0,当別町,0,0,Hokkaido,43.2166666667,141.5166666667
44302.0,46390.0,48032.0,0.0,1236.0,北斗市,0,1,Hokkaido,41.8166666667,140.65
56869.0,57436.0,59449.0,60104.0,1235.0,石狩市,0,0,Hokkaido,43.1666666667,141.3
58171.0,59064.0,60353.0,60677.0,1234.0,北広島市,0,0,Hokkaido,42.9833333333,141.55
32826.0,34995.0,36278.0,35223.0,1233.0,伊達市,0,0,Hokkaido,42.4666666667,140.85
70331.0,69702.0,69384.0,67614.0,1231.0,恵庭市,0,0,Hokkaido,42.8666666667,141.5666666667
46391.0,49625.0,51526.0,53135.0,1230.0,登別市,0,0,Hokkaido,42.4,141.1
21131.0,22936.0,24259.0,25076.0,1229.0,富良野市,0,0,Hokkaido,43.3333333333,142.3833333333
20039.0,21909.0,23709.0,25838.0,1228.0,深川市,0,0,Hokkaido,43.7166666667,142.05
2989.0,3585.0,4387.0,5221.0,1227.0,歌志内市,0,0,Hokkaido,43.5166666667,142.0333333333
16486.0,17694.0,19056.0,20068.0,1226.0,砂川市,0,0,Hokkaido,43.4833333333,141.9
39490.0,41192.0,43170.0,45562.0,1225.0,滝川市,0,0,Hokkaido,43.55,141.9
97950.0,95648.0,93604.0,91437.0,1224.0,千歳市,0,0,Hokkaido,42.8166666667,141.65
24636.0,26917.0,29201.0,31202.0,1223.0,根室市,0,0,Hokkaido,43.3166666667,145.5666666667
8040.0,9076.0,10221.0,11927.0,1222.0,三笠市,0,0,Hokkaido,43.2333333333,141.8666666667
27282.0,29048.0,30591.0,26590.0,1221.0,名寄市,0,0,Hokkaido,44.35,142.45
17858.0,19914.0,21787.0,23411.0,1220.0,士別市,0,0,Hokkaido,44.1666666667,142.4
21215.0,23109.0,24750.0,26632.0,1219.0,紋別市,0,0,Hokkaido,44.35,143.35
9698.0,11105.0,12637.0,14401.0,1218.0,赤平市,0,0,Hokkaido,43.55,142.0333333333
121056.0,120636.0,123722.0,125601.0,1217.0,江別市,0,0,Hokkaido,43.1,141.5333333333
12555.0,14676.0,16628.0,18899.0,1216.0,芦別市,0,0,Hokkaido,43.5166666667,142.1833333333
20413.0,23035.0,26034.0,29083.0,1215.0,美唄市,0,0,Hokkaido,43.3166666667,141.85
33563.0,36380.0,39595.0,41592.0,1214.0,稚内市,0,0,Hokkaido,45.4,141.6666666667
170113.0,172737.0,173320.0,172758.0,1213.0,苫小牧市,0,0,Hokkaido,42.6333333333,141.6
20114.0,22221.0,24457.0,26826.0,1212.0,留萌市,0,0,Hokkaido,43.9333333333,141.6333333333
35759.0,39077.0,40998.0,42045.0,1211.0,網走市,0,0,Hokkaido,44.0166666667,144.2666666667
79306.0,84499.0,90145.0,83202.0,1210.0,岩見沢市,0,0,Hokkaido,43.1833333333,141.7666666667
7334.0,8843.0,10922.0,13001.0,1209.0,夕張市,0,0,Hokkaido,43.05,141.9666666667
115480.0,121226.0,125689.0,110715.0,1208.0,北見市,0,0,Hokkaido,43.8,143.8833333333
166536.0,169327.0,168057.0,170580.0,1207.0,帯広市,0,0,Hokkaido,42.9166666667,143.1833333333
165077.0,174742.0,181169.0,181516.0,1206.0,釧路市,0,0,Hokkaido,42.9833333333,144.3666666667
82383.0,88564.0,94535.0,98372.0,1205.0,室蘭市,0,0,Hokkaido,42.3,140.9666666667
329306.0,339605.0,347095.0,355004.0,1204.0,旭川市,0,0,Hokkaido,43.7666666667,142.35
111299.0,121924.0,131928.0,142161.0,1203.0,小樽市,0,0,Hokkaido,43.1833333333,140.9833333333
251084.0,265979.0,279127.0,294264.0,1202.0,函館市,0,0,Hokkaido,41.7666666667,140.7166666667
1973395.0,1952356.0,1913545.0,1880863.0,1100.0,札幌市,0,0,Hokkaido,43.05,141.35
248680.0,237627.0,220189.0,202801.0,1101.0,中央区,0.0,0.0,Hokkaido,43.055278,141.341111
289323.0,285321.0,278781.0,272877.0,1102.0,北区,0.0,0.0,Hokkaido,43.090833,141.340833
265379.0,261912.0,255873.0,253996.0,1103.0,東区,0.0,0.0,Hokkaido,43.076111,141.363611
211835.0,209584.0,204259.0,201307.0,1104.0,白石区,0.0,0.0,Hokkaido,43.047778,141.405
225298.0,218652.0,212118.0,209428.0,1105.0,豊平区,0.0,0.0,Hokkaido,43.01333,141.39111
135777.0,141190.0,146341.0,153021.0,1106.0,南区,0.0,0.0,Hokkaido,42.99,141.353333
217040.0,213578.0,211229.0,207329.0,1107.0,西区,0.0,0.0,Hokkaido,43.074444,141.300833
125083.0,127767.0,128492.0,129720.0,1108.0,厚別区,0.0,0.0,Hokkaido,43.036111,141.474722
142625.0,140999.0,139644.0,137601.0,1109.0,手稲区,0.0,0.0,Hokkaido,43.121944,141.245556
112355.0,115726.0,116619.0,112783.0,1110.0,清田区,0.0,0.0,Hokkaido,42.999444,141.443889
311590.0,310183.0,291436.0,281218.0,4101.0,青葉区,0.0,0.0,Miyagi Ken,38.269167,140.870556
196732.0,194825.0,190473.0,182678.0,4102.0,宮城野区,0.0,0.0,Miyagi Ken,38.266389,140.910278
141475.0,133498.0,132306.0,129942.0,4103.0,若林区,0.0,0.0,Miyagi Ken,38.244167,140.900833
234758.0,226855.0,220588.0,222447.0,4104.0,太白区,0.0,0.0,Miyagi Ken,38.224306,140.877167
212149.0,216798.0,211183.0,208813.0,4105.0,泉区,0.0,0.0,Miyagi Ken,38.326389,140.881389
93499.0,87146.0,84029.0,82342.0,11101.0,西区,0.0,0.0,Saitama Ken,35.925194,139.579639
149242.0,143446.0,138630.0,132109.0,11102.0,北区,0.0,0.0,Saitama Ken,35.931444,139.586917
117784.0,113864.0,108488.0,106477.0,11103.0,大宮区,0.0,0.0,Saitama Ken,35.906444,139.628639
165049.0,161960.0,157143.0,152611.0,11104.0,見沼区,0.0,0.0,Saitama Ken,35.935194,139.654361
103269.0,98762.0,96055.0,90381.0,11105.0,中央区,0.0,0.0,Saitama Ken,35.883917,139.626222
98661.0,97910.0,96911.0,92889.0,11106.0,桜区,0.0,0.0,Saitama Ken,35.855778,139.609889
164822.0,154416.0,144786.0,139837.0,11107.0,浦和区,0.0,0.0,Saitama Ken,35.861611,139.6455
191563.0,180152.0,174988.0,166674.0,11108.0,南区,0.0,0.0,Saitama Ken,35.845,139.645278
128321.0,116522.0,110118.0,104018.0,11109.0,緑区,0.0,0.0,Saitama Ken,35.5125,139.538056
111815.0,109801.0,111286.0,108976.0,11110.0,岩槻区,0.0,0.0,Saitama Ken,35.949972,139.694306
211736.0,205070.0,199364.0,184637.0,12101.0,中央区,0.0,0.0,Chiba Ken,35.620556,140.135833
177328.0,179200.0,180949.0,181708.0,12102.0,花見川区,0.0,0.0,Chiba Ken,35.662778,140.069167
160582.0,160968.0,157768.0,149685.0,12103.0,稲毛区,0.0,0.0,Chiba Ken,35.636389,140.107222
146940.0,151078.0,151585.0,149898.0,12104.0,若葉区,0.0,0.0,Chiba Ken,35.629444,140.162778
129421.0,126848.0,121921.0,112850.0,12105.0,緑区,0.0,0.0,Chiba Ken,35.560556,140.176111
148944.0,148718.0,150162.0,145541.0,12106.0,美浜区,0.0,0.0,Chiba Ken,35.640278,140.063056
66680.0,58406.0,47115.0,41778.0,13101.0,千代田区,0.0,0.0,Tokyo To,35.694003,139.753594
169179.0,141183.0,122762.0,98399.0,13102.0,中央区,0.0,0.0,Tokyo To,35.666667,139.766667
260486.0,243283.0,205131.0,185861.0,13103.0,港区,0.0,0.0,Tokyo To,35.658056,139.751389
349385.0,333560.0,326309.0,305716.0,13104.0,新宿区,0.0,0.0,Tokyo To,35.701389,139.709722
240069.0,219724.0,206626.0,189632.0,13105.0,文京区,0.0,0.0,Tokyo To,35.716667,139.75
211444.0,198073.0,175928.0,165186.0,13106.0,台東区,0.0,0.0,Tokyo To,35.7125,139.78
272085.0,256274.0,247606.0,231173.0,13107.0,墨田区,0.0,0.0,Tokyo To,35.7,139.816667
524310.0,498109.0,460819.0,420845.0,13108.0,江東区,0.0,0.0,Tokyo To,35.666667,139.81667
422488.0,386855.0,365302.0,346357.0,13109.0,品川区,0.0,0.0,Tokyo To,35.6,139.733333
288088.0,277622.0,268330.0,264064.0,13110.0,目黒区,0.0,0.0,Tokyo To,35.633333,139.683333
748081.0,717082.0,693373.0,665674.0,13111.0,大田区,0.0,0.0,Tokyo To,35.561389,139.716111
943664.0,903346.0,877138.0,841165.0,13112.0,世田谷区,0.0,0.0,Tokyo To,35.646572,139.653247
243883.0,224533.0,204492.0,203334.0,13113.0,渋谷区,0.0,0.0,Tokyo To,35.659444,139.700556
344880.0,328215.0,314750.0,310627.0,13114.0,中野区,0.0,0.0,Tokyo To,35.707397,139.663836
591108.0,563997.0,549569.0,528587.0,13115.0,杉並区,0.0,0.0,Tokyo To,35.699444,139.636389
301599.0,291167.0,284678.0,250585.0,13116.0,豊島区,0.0,0.0,Tokyo To,35.733333,139.716667
355213.0,341076.0,335544.0,330412.0,13117.0,北区,0.0,0.0,Tokyo To,35.75,139.733333
217475.0,212264.0,203296.0,191207.0,13118.0,荒川区,0.0,0.0,Tokyo To,35.733333,139.78333
584483.0,561916.0,535842.0,523083.0,13119.0,板橋区,0.0,0.0,Tokyo To,35.766667,139.683333
752608.0,721722.0,716124.0,692339.0,13120.0,練馬区,0.0,0.0,Tokyo To,35.735622,139.651658
695043.0,670122.0,683426.0,624807.0,13121.0,足立区,0.0,0.0,Tokyo To,35.783333,139.8
453093.0,442913.0,442586.0,424878.0,13122.0,葛飾区,0.0,0.0,Tokyo To,35.733333,139.85
697932.0,681298.0,678967.0,653944.0,13123.0,江戸川区,0.0,0.0,Tokyo To,35.7,139.883333
297437.0,285356.0,272178.0,264548.0,14101.0,鶴見区,0.0,0.0,Kanagawa Ken,35.508333,139.6825
247267.0,238966.0,233429.0,221845.0,14102.0,神奈川区,0.0,0.0,Kanagawa Ken,35.476944,139.629444
104935.0,98532.0,94867.0,84944.0,14103.0,西区,0.0,0.0,Kanagawa Ken,35.453611,139.616944
151388.0,148312.0,146033.0,140167.0,14104.0,中区,0.0,0.0,Kanagawa Ken,35.444444,139.643333
198157.0,194827.0,196153.0,196822.0,14105.0,南区,0.0,0.0,Kanagawa Ken,35.431389,139.608889
207811.0,205493.0,206634.0,204266.0,14106.0,保土ケ谷区,0.0,0.0,Kanagawa Ken,35.46,139.596111
166731.0,166229.0,163237.0,163525.0,14107.0,磯子区,0.0,0.0,Kanagawa Ken,35.402222,139.618889
198939.0,202229.0,209274.0,210658.0,14108.0,金沢区,0.0,0.0,Kanagawa Ken,35.3375,139.624444
358530.0,344172.0,329471.0,311722.0,14109.0,港北区,0.0,0.0,Kanagawa Ken,35.526389,139.622222
283709.0,275283.0,274324.0,261616.0,14110.0,戸塚区,0.0,0.0,Kanagawa Ken,35.396389,139.5325
215248.0,215736.0,221411.0,221837.0,14111.0,港南区,0.0,0.0,Kanagawa Ken,35.400556,139.591389
245174.0,247144.0,251086.0,249680.0,14112.0,旭区,0.0,0.0,Kanagawa Ken,35.474722,139.544722
183082.0,180366.0,177631.0,169831.0,14113.0,緑区,0.0,0.0,Kanagawa Ken,35.5125,139.538056
122623.0,124560.0,126913.0,127405.0,14114.0,瀬谷区,0.0,0.0,Kanagawa Ken,35.466389,139.499167
120194.0,122171.0,124866.0,123802.0,14115.0,栄区,0.0,0.0,Kanagawa Ken,35.364444,139.554167
152378.0,154025.0,155698.0,152349.0,14116.0,泉区,0.0,0.0,Kanagawa Ken,35.364444,139.554167
310756.0,309692.0,304297.0,295603.0,14117.0,青葉区,0.0,0.0,Kanagawa Ken,35.552778,139.537222
213132.0,211751.0,201271.0,179008.0,14118.0,都筑区,0.0,0.0,Kanagawa Ken,35.544722,139.570556
232965.0,223378.0,217328.0,203804.0,14131.0,都筑区,0.0,0.0,Kanagawa Ken,35.529444,139.703333
171119.0,160890.0,154212.0,144487.0,14132.0,幸区,0.0,0.0,Kanagawa Ken,35.544444,139.6875
263683.0,247529.0,233925.0,210543.0,14133.0,中原区,0.0,0.0,Kanagawa Ken,35.576111,139.655833
234328.0,228141.0,217360.0,201792.0,14134.0,高津区,0.0,0.0,Kanagawa Ken,35.599444,139.608056
221734.0,214158.0,213894.0,205389.0,14135.0,多摩区,0.0,0.0,Kanagawa Ken,35.619722,139.561944
233728.0,225594.0,218867.0,207895.0,14136.0,宮前区,0.0,0.0,Kanagawa Ken,35.589157,139.578611
180705.0,175523.0,169926.0,153101.0,14137.0,麻生区,0.0,0.0,Kanagawa Ken,35.603889,139.505833
,,,,14151.0,,,,Kanagawa Ken,35.595833,139.344722
,,,,14152.0,,,,Kanagawa Ken,35.571389,139.373333
,,,,14153.0,,,,Kanagawa Ken,35.530556,139.429167
,,,,15101.0,,,,Niigata Ken,37.91625,139.218583
,,,,15102.0,,,,Niigata Ken,37.924833,139.092667
,,,,15103.0,,,,Niigata Ken,37.922472,139.04325
,,,,15104.0,,,,Niigata Ken,37.867639,139.094028
,,,,15105.0,,,,Niigata Ken,37.7885,139.114583
,,,,15106.0,,,,Niigata Ken,37.765806,139.019167
,,,,15107.0,,,,Niigata Ken,37.874083,138.971611
,,,,15108.0,,,,Niigata Ken,37.7605,138.889333
249297.0,253593.0,255375.0,262764.0,22101.0,葵区,0.0,0.0,Shizuoka Ken,34.975,138.383611
213026.0,212419.0,213059.0,208055.0,22102.0,駿河区,0.0,0.0,Shizuoka Ken,34.960556,138.404167
231066.0,238977.0,247763.0,230067.0,22103.0,清水区,0.0,0.0,Shizuoka Ken,35.015833,138.489722
,,,,22138.0,,,,Shizuoka Ken,34.710806,137.726083
,,,,22139.0,,,,Shizuoka Ken,34.775,137.815556
,,,,22140.0,,,,Shizuoka Ken,35.095556,137.796944
165245.0,164696.0,160015.0,153118.0,23101.0,千種区,0.0,0.0,Aichi Ken,35.17,136.966944
84392.0,78043.0,73272.0,68485.0,23102.0,東区,0.0,0.0,Aichi Ken,35.179444,136.926111
162956.0,163579.0,165785.0,166441.0,23103.0,北区,0.0,0.0,Aichi Ken,35.194167,136.911667
151082.0,149098.0,144995.0,143104.0,23104.0,西区,0.0,0.0,Aichi Ken,35.185556,136.885833
138599.0,133206.0,136164.0,134576.0,23105.0,中村区,0.0,0.0,Aichi Ken,35.168611,136.873056
93100.0,83203.0,78353.0,70738.0,23106.0,中区,0.0,0.0,Aichi Ken,35.168611,136.910278
107599.0,107170.0,105536.0,105001.0,23107.0,昭和区,0.0,0.0,Aichi Ken,35.150278,136.934167
108332.0,105357.0,105061.0,105358.0,23108.0,瑞穂区,0.0,0.0,Aichi Ken,35.131667,136.935
66957.0,65895.0,64719.0,63608.0,23109.0,熱田区,0.0,0.0,Aichi Ken,35.128056,136.911111
220728.0,220281.0,221521.0,215809.0,23110.0,中川区,0.0,0.0,Aichi Ken,35.141667,136.855
143715.0,146745.0,149215.0,151872.0,23111.0,港区,0.0,0.0,Aichi Ken,35.107778,136.885556
134510.0,136935.0,141310.0,143973.0,23112.0,南区,0.0,0.0,Aichi Ken,35.095,136.931111
176587.0,172845.0,168551.0,161345.0,23113.0,守山区,0.0,0.0,Aichi Ken,35.203333,137.976667
248802.0,241822.0,229592.0,216545.0,23114.0,緑区,0.0,0.0,Aichi Ken,35.070833,136.952222
164755.0,164080.0,161012.0,157125.0,23115.0,名東区,0.0,0.0,Aichi Ken,35.175833,137.010278
164817.0,162683.0,158793.0,157964.0,23116.0,天白区,0.0,0.0,Aichi Ken,35.12275,136.975111
117165.0,119474.0,122037.0,124266.0,26101.0,北区,0.0,0.0,Kyoto Fu,35.041111,135.754167
83832.0,85113.0,83264.0,83534.0,26102.0,上京区,0.0,0.0,Kyoto Fu,35.029722,135.756667
166039.0,168266.0,168802.0,169587.0,26103.0,左京区,0.0,0.0,Kyoto Fu,35.048611,135.778333
110488.0,109341.0,105306.0,102129.0,26104.0,中京区,0.0,0.0,Kyoto Fu,35.01,135.751389
36602.0,39044.0,40528.0,42464.0,26105.0,東山区,0.0,0.0,Kyoto Fu,34.997222,135.776389
82784.0,82668.0,79287.0,75437.0,26106.0,下京区,0.0,0.0,Kyoto Fu,34.98749,135.75547
101970.0,99927.0,98744.0,98163.0,26107.0,南区,0.0,0.0,Kyoto Fu,34.976667,135.746667
202047.0,204262.0,202943.0,202356.0,26108.0,右京区,0.0,0.0,Kyoto Fu,35.010278,135.716111
277858.0,280655.0,284085.0,285419.0,26109.0,伏見区,0.0,0.0,Kyoto Fu,34.936111,135.761389
135101.0,135471.0,136045.0,136670.0,26110.0,山科区,0.0,0.0,Kyoto Fu,34.97222,135.81369
149837.0,150962.0,152974.0,154756.0,26111.0,西京区,0.0,0.0,Kyoto Fu,34.985,135.693333
107904.0,104727.0,102632.0,99831.0,27102.0,都島区,0.0,0.0,Osaka Fu,34.701278,135.528089
79328.0,72484.0,67290.0,60959.0,27103.0,福島区,0.0,0.0,Osaka Fu,34.692356,135.472231
65251.0,66656.0,65569.0,63809.0,27104.0,此花区,0.0,0.0,Osaka Fu,34.683056,135.452222
105862.0,92430.0,83058.0,72591.0,27106.0,西区,0.0,0.0,Osaka Fu,34.67639,135.486111
80948.0,82035.0,84947.0,83191.0,27107.0,港区,0.0,0.0,Osaka Fu,34.663889,135.460833
62038.0,65141.0,69510.0,73207.0,27108.0,大正区,0.0,0.0,Osaka Fu,34.650278,135.472778
82148.0,75729.0,69775.0,64137.0,27109.0,天王寺区,0.0,0.0,Osaka Fu,34.657779,135.519444
75504.0,69766.0,61745.0,54174.0,27111.0,浪速区,0.0,0.0,Osaka Fu,34.659444,135.499631
95864.0,95490.0,97504.0,95662.0,27113.0,西淀川区,0.0,0.0,Osaka Fu,34.716944,135.456389
177120.0,175530.0,176585.0,178343.0,27114.0,東淀川区,0.0,0.0,Osaka Fu,34.741111,135.529444
84906.0,80563.0,80231.0,78929.0,27115.0,東成区,0.0,0.0,Osaka Fu,34.672778,135.546667
127309.0,130167.0,134009.0,138564.0,27116.0,生野区,0.0,0.0,Osaka Fu,34.652778,135.539444
89670.0,91608.0,92455.0,95204.0,27117.0,旭区,0.0,0.0,Osaka Fu,34.721389,135.544167
169043.0,164697.0,165832.0,160925.0,27118.0,城東区,0.0,0.0,Osaka Fu,34.701944,135.546111
110995.0,107626.0,106350.0,107354.0,27119.0,阿倍野区,0.0,0.0,Osaka Fu,34.638972,135.518492
153056.0,154239.0,155572.0,158999.0,27120.0,住吉区,0.0,0.0,Osaka Fu,34.603675,135.500628
127849.0,126299.0,130724.0,135016.0,27121.0,東住吉区,0.0,0.0,Osaka Fu,34.622119,135.526614
106111.0,111883.0,121972.0,132767.0,27122.0,西成区,0.0,0.0,Osaka Fu,34.635,135.494444
183444.0,176201.0,172078.0,169222.0,27123.0,淀川区,0.0,0.0,Osaka Fu,34.721111,135.486667
112691.0,111557.0,111182.0,107419.0,27124.0,鶴見区,0.0,0.0,Osaka Fu,34.704167,135.574167
120072.0,122988.0,127210.0,130627.0,27125.0,住之江区,0.0,0.0,Osaka Fu,34.609444,135.482778
192152.0,196633.0,200005.0,200678.0,27126.0,平野区,0.0,0.0,Osaka Fu,34.621111,135.546111
139376.0,123667.0,110392.0,100385.0,27127.0,北区,0.0,0.0,Osaka Fu,34.705556,135.51
103726.0,93069.0,78687.0,66818.0,27128.0,中央区,0.0,0.0,Osaka Fu,34.681111,135.509722
,,,,27141.0,,,,Osaka Fu,34.5733,135.483056
,,,,27142.0,,,,Osaka Fu,34.528339,135.498633
,,,,27143.0,,,,Osaka Fu,34.538192,135.536592
,,,,27144.0,,,,Osaka Fu,34.534997,135.463975
,,,,27145.0,,,,Osaka Fu,34.486528,135.490572
,,,,27146.0,,,,Osaka Fu,34.565464,135.517172
,,,,27147.0,,,,Osaka Fu,34.538547,135.559831
213562.0,213634.0,210408.0,206037.0,28101.0,東灘区,0.0,0.0,Hyōgo Ken,34.720278,135.26556
136747.0,136088.0,133451.0,128050.0,28102.0,灘区,0.0,0.0,Hyōgo Ken,34.7125,135.239722
109144.0,106956.0,108304.0,106985.0,28105.0,兵庫区,0.0,0.0,Hyōgo Ken,34.675833,135.166667
94791.0,97912.0,101624.0,103791.0,28106.0,長田区,0.0,0.0,Hyōgo Ken,34.67,135.144167
158719.0,162468.0,167475.0,171628.0,28107.0,須磨区,0.0,0.0,Hyōgo Ken,34.650278,135.130556
215302.0,219474.0,220411.0,222729.0,28108.0,垂水区,0.0,0.0,Hyōgo Ken,34.645278,135.049722
210492.0,219805.0,226836.0,225945.0,28109.0,北区,0.0,0.0,Hyōgo Ken,34.793056,135.166111
147518.0,135153.0,126393.0,116591.0,28110.0,中央区,0.0,0.0,Hyōgo Ken,34.690556,135.195833
238877.0,245782.0,249298.0,243637.0,28111.0,西区,0.0,0.0,Hyōgo Ken,34.7,135.0
,,,,33101.0,,,,Okayama Ken,34.655,133.919444
,,,,33102.0,,,,Okayama Ken,34.670833,133.943056
,,,,33103.0,,,,Okayama Ken,34.658333,134.036389
,,,,33104.0,,,,Okayama Ken,34.543889,133.865278
142699.0,136640.0,130482.0,127763.0,34101.0,中区,0.0,0.0,Hiroshima Ken,34.386111,132.455278
119353.0,120155.0,120751.0,121222.0,34102.0,東区,0.0,0.0,Hiroshima Ken,34.395278,132.482778
145805.0,142728.0,138190.0,137874.0,34103.0,南区,0.0,0.0,Hiroshima Ken,34.379444,132.470833
190232.0,190929.0,186985.0,184795.0,34104.0,西区,0.0,0.0,Hiroshima Ken,34.393889,132.434444
247020.0,242512.0,233733.0,219343.0,34105.0,安佐南区,0.0,0.0,Hiroshima Ken,34.451944,132.471944
138979.0,145018.0,149633.0,152716.0,34106.0,安佐北区,0.0,0.0,Hiroshima Ken,34.518333,132.507778
77103.0,79353.0,78789.0,76656.0,34107.0,安芸区,0.0,0.0,Hiroshima Ken,34.3989,132.5906
139563.0,136699.0,135280.0,134022.0,34108.0,佐伯区,0.0,0.0,Hiroshima Ken,34.364444,132.360833
93842.0,99637.0,104469.0,108677.0,40101.0,門司区,0.0,0.0,Fukuoka Ken,33.941111,130.959722
80533.0,82844.0,85167.0,87340.0,40103.0,若松区,0.0,0.0,Fukuoka Ken,33.905556,130.811111
57494.0,59116.0,61583.0,63714.0,40105.0,戸畑区,0.0,0.0,Fukuoka Ken,33.894722,130.829444
183407.0,181878.0,181936.0,183286.0,40106.0,小倉北区,0.0,0.0,Fukuoka Ken,33.880833,130.873611
209028.0,212850.0,214793.0,214624.0,40107.0,小倉南区,0.0,0.0,Fukuoka Ken,33.846389,130.884722
64792.0,68844.0,71801.0,75814.0,40108.0,八幡東区,0.0,0.0,Fukuoka Ken,33.863611,130.811944
249933.0,256117.0,257097.0,260070.0,40109.0,八幡西区,0.0,0.0,Fukuoka Ken,33.861389,130.760278
322503.0,306015.0,292199.0,274481.0,40131.0,東区,0.0,0.0,Fukuoka Ken,33.616389,130.4225
252034.0,228441.0,212527.0,195711.0,40132.0,博多区,0.0,0.0,Fukuoka Ken,33.591389,130.414722
205501.0,192688.0,178429.0,167100.0,40133.0,中央区,0.0,0.0,Fukuoka Ken,33.589167,130.393056
265583.0,255797.0,247096.0,246367.0,40134.0,南区,0.0,0.0,Fukuoka Ken,33.561667,130.426667
212579.0,206868.0,193280.0,179387.0,40135.0,西区,0.0,0.0,Fukuoka Ken,33.582778,130.323056
132864.0,130995.0,128659.0,128663.0,40136.0,城南区,0.0,0.0,Fukuoka Ken,33.575833,130.37
221328.0,217877.0,211553.0,209570.0,40137.0,早良区,0.0,0.0,Fukuoka Ken,33.581944,130.348333
,,,,43101.0,,,,Kumamoto Ken,32.8033,130.7081
,,,,43102.0,,,,Kumamoto Ken,32.780556,130.768056
,,,,43103.0,,,,Kumamoto Ken,32.780556,130.768056
,,,,43104.0,,,,Kumamoto Ken,32.7153,130.6789
,,,,43105.0,,,,Kumamoto Ken,32.903611,130.694444
